file,line,type,commit,author,date,time,timezone,datetime,depth,length
style.css,1,css,5a103087,OldManBedroom,2025-01-16,01:41:35,-08:00,2025-01-16T01:41:35-08:00,0,6
style.css,2,css,5a103087,OldManBedroom,2025-01-16,01:41:35,-08:00,2025-01-16T01:41:35-08:00,0,51
style.css,3,css,561eef51,OldManBedroom,2025-01-22,17:17:38,-08:00,2025-01-22T17:17:38-08:00,0,81
style.css,4,css,5a103087,OldManBedroom,2025-01-16,01:41:35,-08:00,2025-01-16T01:41:35-08:00,0,0
style.css,5,css,5a103087,OldManBedroom,2025-01-16,01:41:35,-08:00,2025-01-16T01:41:35-08:00,0,0
style.css,6,css,5a103087,OldManBedroom,2025-01-16,01:41:35,-08:00,2025-01-16T01:41:35-08:00,0,36
style.css,7,css,5a103087,OldManBedroom,2025-01-16,01:41:35,-08:00,2025-01-16T01:41:35-08:00,0,5
style.css,8,css,5a103087,OldManBedroom,2025-01-16,01:41:35,-08:00,2025-01-16T01:41:35-08:00,0,33
style.css,9,css,561eef51,OldManBedroom,2025-01-22,17:17:38,-08:00,2025-01-22T17:17:38-08:00,0,84
style.css,10,css,5a103087,OldManBedroom,2025-01-16,01:41:35,-08:00,2025-01-16T01:41:35-08:00,0,0
style.css,11,css,5a103087,OldManBedroom,2025-01-16,01:41:35,-08:00,2025-01-16T01:41:35-08:00,0,0
style.css,12,css,87589bf5,OldManBedroom,2025-01-10,21:51:21,-08:00,2025-01-10T21:51:21-08:00,0,5
style.css,13,css,561eef51,OldManBedroom,2025-01-22,17:17:38,-08:00,2025-01-22T17:17:38-08:00,0,44
style.css,14,css,561eef51,OldManBedroom,2025-01-22,17:17:38,-08:00,2025-01-22T17:17:38-08:00,0,43
style.css,15,css,561eef51,OldManBedroom,2025-01-22,17:17:38,-08:00,2025-01-22T17:17:38-08:00,0,1
style.css,16,css,561eef51,OldManBedroom,2025-01-22,17:17:38,-08:00,2025-01-22T17:17:38-08:00,0,24
style.css,17,css,561eef51,OldManBedroom,2025-01-22,17:17:38,-08:00,2025-01-22T17:17:38-08:00,0,16
style.css,18,css,561eef51,OldManBedroom,2025-01-22,17:17:38,-08:00,2025-01-22T17:17:38-08:00,0,25
style.css,19,css,561eef51,OldManBedroom,2025-01-22,17:17:38,-08:00,2025-01-22T17:17:38-08:00,0,11
style.css,20,css,561eef51,OldManBedroom,2025-01-22,17:17:38,-08:00,2025-01-22T17:17:38-08:00,0,70
style.css,21,css,561eef51,OldManBedroom,2025-01-22,17:17:38,-08:00,2025-01-22T17:17:38-08:00,0,63
style.css,22,css,561eef51,OldManBedroom,2025-01-22,17:17:38,-08:00,2025-01-22T17:17:38-08:00,0,0
style.css,23,css,561eef51,OldManBedroom,2025-01-22,17:17:38,-08:00,2025-01-22T17:17:38-08:00,0,0
style.css,24,css,5a103087,OldManBedroom,2025-01-16,01:41:35,-08:00,2025-01-16T01:41:35-08:00,0,4
style.css,25,css,5a103087,OldManBedroom,2025-01-16,01:41:35,-08:00,2025-01-16T01:41:35-08:00,0,34
style.css,26,css,5a103087,OldManBedroom,2025-01-16,01:41:35,-08:00,2025-01-16T01:41:35-08:00,0,64
style.css,27,css,5a103087,OldManBedroom,2025-01-16,01:41:35,-08:00,2025-01-16T01:41:35-08:00,0,50
style.css,28,css,5a103087,OldManBedroom,2025-01-16,01:41:35,-08:00,2025-01-16T01:41:35-08:00,0,41
style.css,29,css,5a103087,OldManBedroom,2025-01-16,01:41:35,-08:00,2025-01-16T01:41:35-08:00,0,57
style.css,30,css,561eef51,OldManBedroom,2025-01-22,17:17:38,-08:00,2025-01-22T17:17:38-08:00,0,71
style.css,31,css,5a103087,OldManBedroom,2025-01-16,01:41:35,-08:00,2025-01-16T01:41:35-08:00,0,0
style.css,32,css,5a103087,OldManBedroom,2025-01-16,01:41:35,-08:00,2025-01-16T01:41:35-08:00,0,0
style.css,33,css,5a103087,OldManBedroom,2025-01-16,01:41:35,-08:00,2025-01-16T01:41:35-08:00,0,6
style.css,34,css,5a103087,OldManBedroom,2025-01-16,01:41:35,-08:00,2025-01-16T01:41:35-08:00,0,39
style.css,35,css,5a103087,OldManBedroom,2025-01-16,01:41:35,-08:00,2025-01-16T01:41:35-08:00,0,44
style.css,36,css,5a103087,OldManBedroom,2025-01-16,01:41:35,-08:00,2025-01-16T01:41:35-08:00,0,52
style.css,37,css,5a103087,OldManBedroom,2025-01-16,01:41:35,-08:00,2025-01-16T01:41:35-08:00,0,52
style.css,38,css,5a103087,OldManBedroom,2025-01-16,01:41:35,-08:00,2025-01-16T01:41:35-08:00,0,41
style.css,39,css,5a103087,OldManBedroom,2025-01-16,01:41:35,-08:00,2025-01-16T01:41:35-08:00,0,63
style.css,40,css,5a103087,OldManBedroom,2025-01-16,01:41:35,-08:00,2025-01-16T01:41:35-08:00,0,0
style.css,41,css,5a103087,OldManBedroom,2025-01-16,01:41:35,-08:00,2025-01-16T01:41:35-08:00,0,0
style.css,42,css,5a103087,OldManBedroom,2025-01-16,01:41:35,-08:00,2025-01-16T01:41:35-08:00,0,14
style.css,43,css,561eef51,OldManBedroom,2025-01-22,17:17:38,-08:00,2025-01-22T17:17:38-08:00,0,94
style.css,44,css,5a103087,OldManBedroom,2025-01-16,01:41:35,-08:00,2025-01-16T01:41:35-08:00,0,70
style.css,45,css,5a103087,OldManBedroom,2025-01-16,01:41:35,-08:00,2025-01-16T01:41:35-08:00,0,0
style.css,46,css,5a103087,OldManBedroom,2025-01-16,01:41:35,-08:00,2025-01-16T01:41:35-08:00,0,0
style.css,47,css,5a103087,OldManBedroom,2025-01-16,01:41:35,-08:00,2025-01-16T01:41:35-08:00,0,12
style.css,48,css,5a103087,OldManBedroom,2025-01-16,01:41:35,-08:00,2025-01-16T01:41:35-08:00,0,82
style.css,49,css,5a103087,OldManBedroom,2025-01-16,01:41:35,-08:00,2025-01-16T01:41:35-08:00,0,21
style.css,50,css,5a103087,OldManBedroom,2025-01-16,01:41:35,-08:00,2025-01-16T01:41:35-08:00,0,0
style.css,51,css,5a103087,OldManBedroom,2025-01-16,01:41:35,-08:00,2025-01-16T01:41:35-08:00,0,0
style.css,52,css,5a103087,OldManBedroom,2025-01-16,01:41:35,-08:00,2025-01-16T01:41:35-08:00,0,9
style.css,53,css,5a103087,OldManBedroom,2025-01-16,01:41:35,-08:00,2025-01-16T01:41:35-08:00,0,13
style.css,54,css,5a103087,OldManBedroom,2025-01-16,01:41:35,-08:00,2025-01-16T01:41:35-08:00,0,0
style.css,55,css,5a103087,OldManBedroom,2025-01-16,01:41:35,-08:00,2025-01-16T01:41:35-08:00,0,0
style.css,56,css,5a103087,OldManBedroom,2025-01-16,01:41:35,-08:00,2025-01-16T01:41:35-08:00,0,9
style.css,57,css,5a103087,OldManBedroom,2025-01-16,01:41:35,-08:00,2025-01-16T01:41:35-08:00,0,13
style.css,58,css,5a103087,OldManBedroom,2025-01-16,01:41:35,-08:00,2025-01-16T01:41:35-08:00,0,0
style.css,59,css,5a103087,OldManBedroom,2025-01-16,01:41:35,-08:00,2025-01-16T01:41:35-08:00,0,0
style.css,60,css,5a103087,OldManBedroom,2025-01-16,01:41:35,-08:00,2025-01-16T01:41:35-08:00,0,7
style.css,61,css,5a103087,OldManBedroom,2025-01-16,01:41:35,-08:00,2025-01-16T01:41:35-08:00,0,13
style.css,62,css,5a103087,OldManBedroom,2025-01-16,01:41:35,-08:00,2025-01-16T01:41:35-08:00,0,3
style.css,63,css,5a103087,OldManBedroom,2025-01-16,01:41:35,-08:00,2025-01-16T01:41:35-08:00,0,0
style.css,64,css,5a103087,OldManBedroom,2025-01-16,01:41:35,-08:00,2025-01-16T01:41:35-08:00,0,32
style.css,65,css,5a103087,OldManBedroom,2025-01-16,01:41:35,-08:00,2025-01-16T01:41:35-08:00,0,5
style.css,66,css,5a103087,OldManBedroom,2025-01-16,01:41:35,-08:00,2025-01-16T01:41:35-08:00,0,32
style.css,67,css,5a103087,OldManBedroom,2025-01-16,01:41:35,-08:00,2025-01-16T01:41:35-08:00,0,13
style.css,68,css,5a103087,OldManBedroom,2025-01-16,01:41:35,-08:00,2025-01-16T01:41:35-08:00,0,89
style.css,69,css,5a103087,OldManBedroom,2025-01-16,01:41:35,-08:00,2025-01-16T01:41:35-08:00,0,51
style.css,70,css,5a103087,OldManBedroom,2025-01-16,01:41:35,-08:00,2025-01-16T01:41:35-08:00,0,0
style.css,71,css,5a103087,OldManBedroom,2025-01-16,01:41:35,-08:00,2025-01-16T01:41:35-08:00,0,0
style.css,72,css,5a103087,OldManBedroom,2025-01-16,01:41:35,-08:00,2025-01-16T01:41:35-08:00,0,33
style.css,73,css,5a103087,OldManBedroom,2025-01-16,01:41:35,-08:00,2025-01-16T01:41:35-08:00,0,11
style.css,74,css,5a103087,OldManBedroom,2025-01-16,01:41:35,-08:00,2025-01-16T01:41:35-08:00,0,53
style.css,75,css,5a103087,OldManBedroom,2025-01-16,01:41:35,-08:00,2025-01-16T01:41:35-08:00,0,13
style.css,76,css,5a103087,OldManBedroom,2025-01-16,01:41:35,-08:00,2025-01-16T01:41:35-08:00,0,0
style.css,77,css,5a103087,OldManBedroom,2025-01-16,01:41:35,-08:00,2025-01-16T01:41:35-08:00,0,0
style.css,78,css,5a103087,OldManBedroom,2025-01-16,01:41:35,-08:00,2025-01-16T01:41:35-08:00,0,52
style.css,79,css,5a103087,OldManBedroom,2025-01-16,01:41:35,-08:00,2025-01-16T01:41:35-08:00,0,10
style.css,80,css,5a103087,OldManBedroom,2025-01-16,01:41:35,-08:00,2025-01-16T01:41:35-08:00,0,14
style.css,81,css,5a103087,OldManBedroom,2025-01-16,01:41:35,-08:00,2025-01-16T01:41:35-08:00,0,47
style.css,82,css,5a103087,OldManBedroom,2025-01-16,01:41:35,-08:00,2025-01-16T01:41:35-08:00,0,13
style.css,83,css,5a103087,OldManBedroom,2025-01-16,01:41:35,-08:00,2025-01-16T01:41:35-08:00,0,0
style.css,84,css,5a103087,OldManBedroom,2025-01-16,01:41:35,-08:00,2025-01-16T01:41:35-08:00,0,0
style.css,85,css,5a103087,OldManBedroom,2025-01-16,01:41:35,-08:00,2025-01-16T01:41:35-08:00,0,40
style.css,86,css,5a103087,OldManBedroom,2025-01-16,01:41:35,-08:00,2025-01-16T01:41:35-08:00,0,12
style.css,87,css,5a103087,OldManBedroom,2025-01-16,01:41:35,-08:00,2025-01-16T01:41:35-08:00,0,42
style.css,88,css,5a103087,OldManBedroom,2025-01-16,01:41:35,-08:00,2025-01-16T01:41:35-08:00,0,13
style.css,89,css,5a103087,OldManBedroom,2025-01-16,01:41:35,-08:00,2025-01-16T01:41:35-08:00,0,0
style.css,90,css,5a103087,OldManBedroom,2025-01-16,01:41:35,-08:00,2025-01-16T01:41:35-08:00,0,0
style.css,91,css,5a103087,OldManBedroom,2025-01-16,01:41:35,-08:00,2025-01-16T01:41:35-08:00,0,10
style.css,92,css,5a103087,OldManBedroom,2025-01-16,01:41:35,-08:00,2025-01-16T01:41:35-08:00,0,38
style.css,93,css,d3c5d392,OldManBedroom,2025-02-08,14:41:28,-08:00,2025-02-08T14:41:28-08:00,0,95
style.css,94,css,d3c5d392,OldManBedroom,2025-02-08,14:41:28,-08:00,2025-02-08T14:41:28-08:00,0,49
style.css,95,css,d3c5d392,OldManBedroom,2025-02-08,14:41:28,-08:00,2025-02-08T14:41:28-08:00,0,52
style.css,96,css,d3c5d392,OldManBedroom,2025-02-08,14:41:28,-08:00,2025-02-08T14:41:28-08:00,0,52
style.css,97,css,5a103087,OldManBedroom,2025-01-16,01:41:35,-08:00,2025-01-16T01:41:35-08:00,0,0
style.css,98,css,5a103087,OldManBedroom,2025-01-16,01:41:35,-08:00,2025-01-16T01:41:35-08:00,0,0
style.css,99,css,d3c5d392,OldManBedroom,2025-02-08,14:41:28,-08:00,2025-02-08T14:41:28-08:00,0,29
style.css,100,css,5a103087,OldManBedroom,2025-01-16,01:41:35,-08:00,2025-01-16T01:41:35-08:00,0,18
style.css,101,css,d3c5d392,OldManBedroom,2025-02-08,14:41:28,-08:00,2025-02-08T14:41:28-08:00,0,62
style.css,102,css,d3c5d392,OldManBedroom,2025-02-08,14:41:28,-08:00,2025-02-08T14:41:28-08:00,0,47
style.css,103,css,d3c5d392,OldManBedroom,2025-02-08,14:41:28,-08:00,2025-02-08T14:41:28-08:00,0,54
style.css,104,css,d3c5d392,OldManBedroom,2025-02-08,14:41:28,-08:00,2025-02-08T14:41:28-08:00,0,56
style.css,105,css,d3c5d392,OldManBedroom,2025-02-08,14:41:28,-08:00,2025-02-08T14:41:28-08:00,0,44
style.css,106,css,5a103087,OldManBedroom,2025-01-16,01:41:35,-08:00,2025-01-16T01:41:35-08:00,0,0
style.css,107,css,5a103087,OldManBedroom,2025-01-16,01:41:35,-08:00,2025-01-16T01:41:35-08:00,0,0
style.css,108,css,d3c5d392,OldManBedroom,2025-02-08,14:41:28,-08:00,2025-02-08T14:41:28-08:00,0,26
style.css,109,css,5a103087,OldManBedroom,2025-01-16,01:41:35,-08:00,2025-01-16T01:41:35-08:00,0,13
style.css,110,css,d3c5d392,OldManBedroom,2025-02-08,14:41:28,-08:00,2025-02-08T14:41:28-08:00,0,59
style.css,111,css,d3c5d392,OldManBedroom,2025-02-08,14:41:28,-08:00,2025-02-08T14:41:28-08:00,0,53
style.css,112,css,d3c5d392,OldManBedroom,2025-02-08,14:41:28,-08:00,2025-02-08T14:41:28-08:00,0,46
style.css,113,css,d3c5d392,OldManBedroom,2025-02-08,14:41:28,-08:00,2025-02-08T14:41:28-08:00,0,0
style.css,114,css,d3c5d392,OldManBedroom,2025-02-08,14:41:28,-08:00,2025-02-08T14:41:28-08:00,0,0
style.css,115,css,d3c5d392,OldManBedroom,2025-02-08,14:41:28,-08:00,2025-02-08T14:41:28-08:00,0,27
style.css,116,css,d3c5d392,OldManBedroom,2025-02-08,14:41:28,-08:00,2025-02-08T14:41:28-08:00,0,14
style.css,117,css,d3c5d392,OldManBedroom,2025-02-08,14:41:28,-08:00,2025-02-08T14:41:28-08:00,0,43
style.css,118,css,d3c5d392,OldManBedroom,2025-02-08,14:41:28,-08:00,2025-02-08T14:41:28-08:00,0,40
style.css,119,css,d3c5d392,OldManBedroom,2025-02-08,14:41:28,-08:00,2025-02-08T14:41:28-08:00,0,51
style.css,120,css,d3c5d392,OldManBedroom,2025-02-08,14:41:28,-08:00,2025-02-08T14:41:28-08:00,0,71
style.css,121,css,d3c5d392,OldManBedroom,2025-02-08,14:41:28,-08:00,2025-02-08T14:41:28-08:00,0,49
style.css,122,css,d3c5d392,OldManBedroom,2025-02-08,14:41:28,-08:00,2025-02-08T14:41:28-08:00,0,0
style.css,123,css,d3c5d392,OldManBedroom,2025-02-08,14:41:28,-08:00,2025-02-08T14:41:28-08:00,0,0
style.css,124,css,d3c5d392,OldManBedroom,2025-02-08,14:41:28,-08:00,2025-02-08T14:41:28-08:00,0,29
style.css,125,css,d3c5d392,OldManBedroom,2025-02-08,14:41:28,-08:00,2025-02-08T14:41:28-08:00,0,12
style.css,126,css,d3c5d392,OldManBedroom,2025-02-08,14:41:28,-08:00,2025-02-08T14:41:28-08:00,0,52
style.css,127,css,d3c5d392,OldManBedroom,2025-02-08,14:41:28,-08:00,2025-02-08T14:41:28-08:00,0,42
style.css,128,css,d3c5d392,OldManBedroom,2025-02-08,14:41:28,-08:00,2025-02-08T14:41:28-08:00,0,42
style.css,129,css,d3c5d392,OldManBedroom,2025-02-08,14:41:28,-08:00,2025-02-08T14:41:28-08:00,0,37
style.css,130,css,5a103087,OldManBedroom,2025-01-16,01:41:35,-08:00,2025-01-16T01:41:35-08:00,0,0
style.css,131,css,5a103087,OldManBedroom,2025-01-16,01:41:35,-08:00,2025-01-16T01:41:35-08:00,0,0
style.css,132,css,5a103087,OldManBedroom,2025-01-16,01:41:35,-08:00,2025-01-16T01:41:35-08:00,0,23
style.css,133,css,5a103087,OldManBedroom,2025-01-16,01:41:35,-08:00,2025-01-16T01:41:35-08:00,0,76
style.css,134,css,5a103087,OldManBedroom,2025-01-16,01:41:35,-08:00,2025-01-16T01:41:35-08:00,0,57
style.css,135,css,5a103087,OldManBedroom,2025-01-16,01:41:35,-08:00,2025-01-16T01:41:35-08:00,0,0
style.css,136,css,5a103087,OldManBedroom,2025-01-16,01:41:35,-08:00,2025-01-16T01:41:35-08:00,0,0
style.css,137,css,5a103087,OldManBedroom,2025-01-16,01:41:35,-08:00,2025-01-16T01:41:35-08:00,0,29
style.css,138,css,5a103087,OldManBedroom,2025-01-16,01:41:35,-08:00,2025-01-16T01:41:35-08:00,0,3
style.css,139,css,5a103087,OldManBedroom,2025-01-16,01:41:35,-08:00,2025-01-16T01:41:35-08:00,0,52
style.css,140,css,5a103087,OldManBedroom,2025-01-16,01:41:35,-08:00,2025-01-16T01:41:35-08:00,0,0
style.css,141,css,5a103087,OldManBedroom,2025-01-16,01:41:35,-08:00,2025-01-16T01:41:35-08:00,0,0
style.css,142,css,5a103087,OldManBedroom,2025-01-16,01:41:35,-08:00,2025-01-16T01:41:35-08:00,0,29
style.css,143,css,5a103087,OldManBedroom,2025-01-16,01:41:35,-08:00,2025-01-16T01:41:35-08:00,0,3
style.css,144,css,5a103087,OldManBedroom,2025-01-16,01:41:35,-08:00,2025-01-16T01:41:35-08:00,0,67
style.css,145,css,5a103087,OldManBedroom,2025-01-16,01:41:35,-08:00,2025-01-16T01:41:35-08:00,0,0
style.css,146,css,5a103087,OldManBedroom,2025-01-16,01:41:35,-08:00,2025-01-16T01:41:35-08:00,0,0
style.css,147,css,5a103087,OldManBedroom,2025-01-16,01:41:35,-08:00,2025-01-16T01:41:35-08:00,0,8
style.css,148,css,561eef51,OldManBedroom,2025-01-22,17:17:38,-08:00,2025-01-22T17:17:38-08:00,0,60
style.css,149,css,5a103087,OldManBedroom,2025-01-16,01:41:35,-08:00,2025-01-16T01:41:35-08:00,0,13
style.css,150,css,5a103087,OldManBedroom,2025-01-16,01:41:35,-08:00,2025-01-16T01:41:35-08:00,0,21
style.css,151,css,5a103087,OldManBedroom,2025-01-16,01:41:35,-08:00,2025-01-16T01:41:35-08:00,0,40
style.css,152,css,5a103087,OldManBedroom,2025-01-16,01:41:35,-08:00,2025-01-16T01:41:35-08:00,0,75
style.css,153,css,5a103087,OldManBedroom,2025-01-16,01:41:35,-08:00,2025-01-16T01:41:35-08:00,0,0
style.css,154,css,5a103087,OldManBedroom,2025-01-16,01:41:35,-08:00,2025-01-16T01:41:35-08:00,0,0
style.css,155,css,5a103087,OldManBedroom,2025-01-16,01:41:35,-08:00,2025-01-16T01:41:35-08:00,0,26
style.css,156,css,5a103087,OldManBedroom,2025-01-16,01:41:35,-08:00,2025-01-16T01:41:35-08:00,0,11
style.css,157,css,5a103087,OldManBedroom,2025-01-16,01:41:35,-08:00,2025-01-16T01:41:35-08:00,0,19
style.css,158,css,5a103087,OldManBedroom,2025-01-16,01:41:35,-08:00,2025-01-16T01:41:35-08:00,0,0
style.css,159,css,5a103087,OldManBedroom,2025-01-16,01:41:35,-08:00,2025-01-16T01:41:35-08:00,0,0
style.css,160,css,5a103087,OldManBedroom,2025-01-16,01:41:35,-08:00,2025-01-16T01:41:35-08:00,0,30
style.css,161,css,5a103087,OldManBedroom,2025-01-16,01:41:35,-08:00,2025-01-16T01:41:35-08:00,0,7
style.css,162,css,5a103087,OldManBedroom,2025-01-16,01:41:35,-08:00,2025-01-16T01:41:35-08:00,0,16
style.css,163,css,5a103087,OldManBedroom,2025-01-16,01:41:35,-08:00,2025-01-16T01:41:35-08:00,0,26
style.css,164,css,5a103087,OldManBedroom,2025-01-16,01:41:35,-08:00,2025-01-16T01:41:35-08:00,0,17
style.css,165,css,5a103087,OldManBedroom,2025-01-16,01:41:35,-08:00,2025-01-16T01:41:35-08:00,0,18
style.css,166,css,5a103087,OldManBedroom,2025-01-16,01:41:35,-08:00,2025-01-16T01:41:35-08:00,0,17
style.css,167,css,5a103087,OldManBedroom,2025-01-16,01:41:35,-08:00,2025-01-16T01:41:35-08:00,0,11
style.css,168,css,561eef51,OldManBedroom,2025-01-22,17:17:38,-08:00,2025-01-22T17:17:38-08:00,0,0
style.css,169,css,561eef51,OldManBedroom,2025-01-22,17:17:38,-08:00,2025-01-22T17:17:38-08:00,0,0
style.css,170,css,561eef51,OldManBedroom,2025-01-22,17:17:38,-08:00,2025-01-22T17:17:38-08:00,0,14
style.css,171,css,561eef51,OldManBedroom,2025-01-22,17:17:38,-08:00,2025-01-22T17:17:38-08:00,0,64
style.css,172,css,561eef51,OldManBedroom,2025-01-22,17:17:38,-08:00,2025-01-22T17:17:38-08:00,0,37
style.css,173,css,561eef51,OldManBedroom,2025-01-22,17:17:38,-08:00,2025-01-22T17:17:38-08:00,0,41
style.css,174,css,561eef51,OldManBedroom,2025-01-22,17:17:38,-08:00,2025-01-22T17:17:38-08:00,0,51
style.css,175,css,561eef51,OldManBedroom,2025-01-22,17:17:38,-08:00,2025-01-22T17:17:38-08:00,0,66
style.css,176,css,561eef51,OldManBedroom,2025-01-22,17:17:38,-08:00,2025-01-22T17:17:38-08:00,0,0
style.css,177,css,561eef51,OldManBedroom,2025-01-22,17:17:38,-08:00,2025-01-22T17:17:38-08:00,0,0
style.css,178,css,d3c5d392,OldManBedroom,2025-02-08,14:41:28,-08:00,2025-02-08T14:41:28-08:00,0,38
style.css,179,css,d3c5d392,OldManBedroom,2025-02-08,14:41:28,-08:00,2025-02-08T14:41:28-08:00,0,15
style.css,180,css,d3c5d392,OldManBedroom,2025-02-08,14:41:28,-08:00,2025-02-08T14:41:28-08:00,0,38
style.css,181,css,d3c5d392,OldManBedroom,2025-02-08,14:41:28,-08:00,2025-02-08T14:41:28-08:00,0,41
style.css,182,css,d3c5d392,OldManBedroom,2025-02-08,14:41:28,-08:00,2025-02-08T14:41:28-08:00,0,48
style.css,183,css,d3c5d392,OldManBedroom,2025-02-08,14:41:28,-08:00,2025-02-08T14:41:28-08:00,0,40
style.css,184,css,d3c5d392,OldManBedroom,2025-02-08,14:41:28,-08:00,2025-02-08T14:41:28-08:00,0,53
style.css,185,css,d3c5d392,OldManBedroom,2025-02-08,14:41:28,-08:00,2025-02-08T14:41:28-08:00,0,0
style.css,186,css,d3c5d392,OldManBedroom,2025-02-08,14:41:28,-08:00,2025-02-08T14:41:28-08:00,0,0
style.css,187,css,d3c5d392,OldManBedroom,2025-02-08,14:41:28,-08:00,2025-02-08T14:41:28-08:00,0,37
style.css,188,css,d3c5d392,OldManBedroom,2025-02-08,14:41:28,-08:00,2025-02-08T14:41:28-08:00,0,18
style.css,189,css,d3c5d392,OldManBedroom,2025-02-08,14:41:28,-08:00,2025-02-08T14:41:28-08:00,0,32
style.css,190,css,d3c5d392,OldManBedroom,2025-02-08,14:41:28,-08:00,2025-02-08T14:41:28-08:00,0,69
style.css,191,css,d3c5d392,OldManBedroom,2025-02-08,14:41:28,-08:00,2025-02-08T14:41:28-08:00,0,43
style.css,192,css,d3c5d392,OldManBedroom,2025-02-08,14:41:28,-08:00,2025-02-08T14:41:28-08:00,0,42
style.css,193,css,d3c5d392,OldManBedroom,2025-02-08,14:41:28,-08:00,2025-02-08T14:41:28-08:00,0,50
style.css,194,css,d3c5d392,OldManBedroom,2025-02-08,14:41:28,-08:00,2025-02-08T14:41:28-08:00,0,0
style.css,195,css,d3c5d392,OldManBedroom,2025-02-08,14:41:28,-08:00,2025-02-08T14:41:28-08:00,0,0
style.css,196,css,d3c5d392,OldManBedroom,2025-02-08,14:41:28,-08:00,2025-02-08T14:41:28-08:00,0,28
style.css,197,css,d3c5d392,OldManBedroom,2025-02-08,14:41:28,-08:00,2025-02-08T14:41:28-08:00,0,18
style.css,198,css,d3c5d392,OldManBedroom,2025-02-08,14:41:28,-08:00,2025-02-08T14:41:28-08:00,0,52
style.css,199,css,d3c5d392,OldManBedroom,2025-02-08,14:41:28,-08:00,2025-02-08T14:41:28-08:00,0,43
style.css,200,css,d3c5d392,OldManBedroom,2025-02-08,14:41:28,-08:00,2025-02-08T14:41:28-08:00,0,53
style.css,201,css,d3c5d392,OldManBedroom,2025-02-08,14:41:28,-08:00,2025-02-08T14:41:28-08:00,0,54
style.css,202,css,d3c5d392,OldManBedroom,2025-02-08,14:41:28,-08:00,2025-02-08T14:41:28-08:00,0,0
style.css,203,css,d3c5d392,OldManBedroom,2025-02-08,14:41:28,-08:00,2025-02-08T14:41:28-08:00,0,0
style.css,204,css,d3c5d392,OldManBedroom,2025-02-08,14:41:28,-08:00,2025-02-08T14:41:28-08:00,0,28
style.css,205,css,d3c5d392,OldManBedroom,2025-02-08,14:41:28,-08:00,2025-02-08T14:41:28-08:00,0,18
style.css,206,css,d3c5d392,OldManBedroom,2025-02-08,14:41:28,-08:00,2025-02-08T14:41:28-08:00,0,49
style.css,207,css,d3c5d392,OldManBedroom,2025-02-08,14:41:28,-08:00,2025-02-08T14:41:28-08:00,0,46
style.css,208,css,d3c5d392,OldManBedroom,2025-02-08,14:41:28,-08:00,2025-02-08T14:41:28-08:00,0,37
style.css,209,css,d3c5d392,OldManBedroom,2025-02-08,14:41:28,-08:00,2025-02-08T14:41:28-08:00,0,46
style.css,210,css,d3c5d392,OldManBedroom,2025-02-08,14:41:28,-08:00,2025-02-08T14:41:28-08:00,0,0
style.css,211,css,d3c5d392,OldManBedroom,2025-02-08,14:41:28,-08:00,2025-02-08T14:41:28-08:00,0,0
style.css,212,css,d3c5d392,OldManBedroom,2025-02-08,14:41:28,-08:00,2025-02-08T14:41:28-08:00,0,70
style.css,213,css,d3c5d392,OldManBedroom,2025-02-08,14:41:28,-08:00,2025-02-08T14:41:28-08:00,0,18
style.css,214,css,d3c5d392,OldManBedroom,2025-02-08,14:41:28,-08:00,2025-02-08T14:41:28-08:00,0,53
style.css,215,css,d3c5d392,OldManBedroom,2025-02-08,14:41:28,-08:00,2025-02-08T14:41:28-08:00,0,40
style.css,216,css,d3c5d392,OldManBedroom,2025-02-08,14:41:28,-08:00,2025-02-08T14:41:28-08:00,0,48
style.css,217,css,d3c5d392,OldManBedroom,2025-02-08,14:41:28,-08:00,2025-02-08T14:41:28-08:00,0,60
style.css,218,css,d3c5d392,OldManBedroom,2025-02-08,14:41:28,-08:00,2025-02-08T14:41:28-08:00,0,0
style.css,219,css,d3c5d392,OldManBedroom,2025-02-08,14:41:28,-08:00,2025-02-08T14:41:28-08:00,0,0
style.css,220,css,d3c5d392,OldManBedroom,2025-02-08,14:41:28,-08:00,2025-02-08T14:41:28-08:00,0,35
style.css,221,css,d3c5d392,OldManBedroom,2025-02-08,14:41:28,-08:00,2025-02-08T14:41:28-08:00,0,26
style.css,222,css,d3c5d392,OldManBedroom,2025-02-08,14:41:28,-08:00,2025-02-08T14:41:28-08:00,0,18
style.css,223,css,d3c5d392,OldManBedroom,2025-02-08,14:41:28,-08:00,2025-02-08T14:41:28-08:00,0,65
style.css,224,css,d3c5d392,OldManBedroom,2025-02-08,14:41:28,-08:00,2025-02-08T14:41:28-08:00,0,0
style.css,225,css,d3c5d392,OldManBedroom,2025-02-08,14:41:28,-08:00,2025-02-08T14:41:28-08:00,0,0
style.css,226,css,d3c5d392,OldManBedroom,2025-02-08,14:41:28,-08:00,2025-02-08T14:41:28-08:00,0,0
style.css,227,css,d3c5d392,OldManBedroom,2025-02-08,14:41:28,-08:00,2025-02-08T14:41:28-08:00,0,26
style.css,228,css,d3c5d392,OldManBedroom,2025-02-08,14:41:28,-08:00,2025-02-08T14:41:28-08:00,0,18
style.css,229,css,d3c5d392,OldManBedroom,2025-02-08,14:41:28,-08:00,2025-02-08T14:41:28-08:00,0,53
style.css,230,css,d3c5d392,OldManBedroom,2025-02-08,14:41:28,-08:00,2025-02-08T14:41:28-08:00,0,44
style.css,231,css,d3c5d392,OldManBedroom,2025-02-08,14:41:28,-08:00,2025-02-08T14:41:28-08:00,0,0
style.css,232,css,d3c5d392,OldManBedroom,2025-02-08,14:41:28,-08:00,2025-02-08T14:41:28-08:00,0,0
style.css,233,css,d3c5d392,OldManBedroom,2025-02-08,14:41:28,-08:00,2025-02-08T14:41:28-08:00,0,0
style.css,234,css,d3c5d392,OldManBedroom,2025-02-08,14:41:28,-08:00,2025-02-08T14:41:28-08:00,0,15
style.css,235,css,d3c5d392,OldManBedroom,2025-02-08,14:41:28,-08:00,2025-02-08T14:41:28-08:00,0,68
style.css,236,css,d3c5d392,OldManBedroom,2025-02-08,14:41:28,-08:00,2025-02-08T14:41:28-08:00,0,69
style.css,237,css,d3c5d392,OldManBedroom,2025-02-08,14:41:28,-08:00,2025-02-08T14:41:28-08:00,0,73
style.css,238,css,d3c5d392,OldManBedroom,2025-02-08,14:41:28,-08:00,2025-02-08T14:41:28-08:00,0,0
style.css,239,css,d3c5d392,OldManBedroom,2025-02-08,14:41:28,-08:00,2025-02-08T14:41:28-08:00,0,0
style.css,240,css,d3c5d392,OldManBedroom,2025-02-08,14:41:28,-08:00,2025-02-08T14:41:28-08:00,0,8
style.css,241,css,d3c5d392,OldManBedroom,2025-02-08,14:41:28,-08:00,2025-02-08T14:41:28-08:00,0,13
style.css,242,css,d3c5d392,OldManBedroom,2025-02-08,14:41:28,-08:00,2025-02-08T14:41:28-08:00,0,58
style.css,243,css,d3c5d392,OldManBedroom,2025-02-08,14:41:28,-08:00,2025-02-08T14:41:28-08:00,0,11
style.css,244,css,d3c5d392,OldManBedroom,2025-02-08,14:41:28,-08:00,2025-02-08T14:41:28-08:00,0,13
style.css,245,css,d3c5d392,OldManBedroom,2025-02-08,14:41:28,-08:00,2025-02-08T14:41:28-08:00,0,16
style.css,246,css,d3c5d392,OldManBedroom,2025-02-08,14:41:28,-08:00,2025-02-08T14:41:28-08:00,0,16
style.css,247,css,d3c5d392,OldManBedroom,2025-02-08,14:41:28,-08:00,2025-02-08T14:41:28-08:00,0,22
style.css,248,css,d3c5d392,OldManBedroom,2025-02-08,14:41:28,-08:00,2025-02-08T14:41:28-08:00,0,18
style.css,249,css,d3c5d392,OldManBedroom,2025-02-08,14:41:28,-08:00,2025-02-08T14:41:28-08:00,0,25
style.css,250,css,d3c5d392,OldManBedroom,2025-02-08,14:41:28,-08:00,2025-02-08T14:41:28-08:00,0,0
style.css,251,css,d3c5d392,OldManBedroom,2025-02-08,14:41:28,-08:00,2025-02-08T14:41:28-08:00,0,0
style.css,252,css,d3c5d392,OldManBedroom,2025-02-08,14:41:28,-08:00,2025-02-08T14:41:28-08:00,0,11
style.css,253,css,d3c5d392,OldManBedroom,2025-02-08,14:41:28,-08:00,2025-02-08T14:41:28-08:00,0,13
style.css,254,css,d3c5d392,OldManBedroom,2025-02-08,14:41:28,-08:00,2025-02-08T14:41:28-08:00,0,19
style.css,255,css,d3c5d392,OldManBedroom,2025-02-08,14:41:28,-08:00,2025-02-08T14:41:28-08:00,0,11
style.css,256,css,d3c5d392,OldManBedroom,2025-02-08,14:41:28,-08:00,2025-02-08T14:41:28-08:00,0,0
style.css,257,css,d3c5d392,OldManBedroom,2025-02-08,14:41:28,-08:00,2025-02-08T14:41:28-08:00,0,0
style.css,258,css,d3c5d392,OldManBedroom,2025-02-08,14:41:28,-08:00,2025-02-08T14:41:28-08:00,0,16
style.css,259,css,d3c5d392,OldManBedroom,2025-02-08,14:41:28,-08:00,2025-02-08T14:41:28-08:00,0,21
style.css,260,css,d3c5d392,OldManBedroom,2025-02-08,14:41:28,-08:00,2025-02-08T14:41:28-08:00,0,10
style.css,261,css,d3c5d392,OldManBedroom,2025-02-08,14:41:28,-08:00,2025-02-08T14:41:28-08:00,0,11
style.css,262,css,d3c5d392,OldManBedroom,2025-02-08,14:41:28,-08:00,2025-02-08T14:41:28-08:00,0,30
style.css,263,css,d3c5d392,OldManBedroom,2025-02-08,14:41:28,-08:00,2025-02-08T14:41:28-08:00,0,18
style.css,264,css,d3c5d392,OldManBedroom,2025-02-08,14:41:28,-08:00,2025-02-08T14:41:28-08:00,0,0
style.css,265,css,d3c5d392,OldManBedroom,2025-02-08,14:41:28,-08:00,2025-02-08T14:41:28-08:00,0,0
style.css,266,css,d3c5d392,OldManBedroom,2025-02-08,14:41:28,-08:00,2025-02-08T14:41:28-08:00,0,11
style.css,267,css,d3c5d392,OldManBedroom,2025-02-08,14:41:28,-08:00,2025-02-08T14:41:28-08:00,0,13
style.css,268,css,d3c5d392,OldManBedroom,2025-02-08,14:41:28,-08:00,2025-02-08T14:41:28-08:00,0,48
style.css,269,css,d3c5d392,OldManBedroom,2025-02-08,14:41:28,-08:00,2025-02-08T14:41:28-08:00,0,66
style.css,270,css,d3c5d392,OldManBedroom,2025-02-08,14:41:28,-08:00,2025-02-08T14:41:28-08:00,0,54
style.css,271,css,d3c5d392,OldManBedroom,2025-02-08,14:41:28,-08:00,2025-02-08T14:41:28-08:00,0,0
style.css,272,css,d3c5d392,OldManBedroom,2025-02-08,14:41:28,-08:00,2025-02-08T14:41:28-08:00,0,0
style.css,273,css,d3c5d392,OldManBedroom,2025-02-08,14:41:28,-08:00,2025-02-08T14:41:28-08:00,0,4
style.css,274,css,d3c5d392,OldManBedroom,2025-02-08,14:41:28,-08:00,2025-02-08T14:41:28-08:00,0,50
style.css,275,css,d3c5d392,OldManBedroom,2025-02-08,14:41:28,-08:00,2025-02-08T14:41:28-08:00,0,66
style.css,276,css,d3c5d392,OldManBedroom,2025-02-08,14:41:28,-08:00,2025-02-08T14:41:28-08:00,0,0
style.css,277,css,d3c5d392,OldManBedroom,2025-02-08,14:41:28,-08:00,2025-02-08T14:41:28-08:00,0,0
style.css,278,css,d3c5d392,OldManBedroom,2025-02-08,14:41:28,-08:00,2025-02-08T14:41:28-08:00,0,8
style.css,279,css,d3c5d392,OldManBedroom,2025-02-08,14:41:28,-08:00,2025-02-08T14:41:28-08:00,0,57
style.css,280,css,d3c5d392,OldManBedroom,2025-02-08,14:41:28,-08:00,2025-02-08T14:41:28-08:00,0,16
style.css,281,css,d3c5d392,OldManBedroom,2025-02-08,14:41:28,-08:00,2025-02-08T14:41:28-08:00,0,10
style.css,282,css,d3c5d392,OldManBedroom,2025-02-08,14:41:28,-08:00,2025-02-08T14:41:28-08:00,0,9
style.css,283,css,d3c5d392,OldManBedroom,2025-02-08,14:41:28,-08:00,2025-02-08T14:41:28-08:00,0,13
style.css,284,css,d3c5d392,OldManBedroom,2025-02-08,14:41:28,-08:00,2025-02-08T14:41:28-08:00,0,91
style.css,285,css,d3c5d392,OldManBedroom,2025-02-08,14:41:28,-08:00,2025-02-08T14:41:28-08:00,0,11
style.css,286,css,d3c5d392,OldManBedroom,2025-02-08,14:41:28,-08:00,2025-02-08T14:41:28-08:00,0,0
style.css,287,css,d3c5d392,OldManBedroom,2025-02-08,14:41:28,-08:00,2025-02-08T14:41:28-08:00,0,0
style.css,288,css,d3c5d392,OldManBedroom,2025-02-08,14:41:28,-08:00,2025-02-08T14:41:28-08:00,0,37
style.css,289,css,d3c5d392,OldManBedroom,2025-02-08,14:41:28,-08:00,2025-02-08T14:41:28-08:00,0,12
style.css,290,css,d3c5d392,OldManBedroom,2025-02-08,14:41:28,-08:00,2025-02-08T14:41:28-08:00,0,0
style.css,291,css,d3c5d392,OldManBedroom,2025-02-08,14:41:28,-08:00,2025-02-08T14:41:28-08:00,0,0
style.css,292,css,d3c5d392,OldManBedroom,2025-02-08,14:41:28,-08:00,2025-02-08T14:41:28-08:00,0,0
style.css,293,css,d3c5d392,OldManBedroom,2025-02-08,14:41:28,-08:00,2025-02-08T14:41:28-08:00,0,10
style.css,294,css,d3c5d392,OldManBedroom,2025-02-08,14:41:28,-08:00,2025-02-08T14:41:28-08:00,0,81
style.css,295,css,d3c5d392,OldManBedroom,2025-02-08,14:41:28,-08:00,2025-02-08T14:41:28-08:00,0,0
style.css,296,css,d3c5d392,OldManBedroom,2025-02-08,14:41:28,-08:00,2025-02-08T14:41:28-08:00,0,0
style.css,297,css,d3c5d392,OldManBedroom,2025-02-08,14:41:28,-08:00,2025-02-08T14:41:28-08:00,0,14
style.css,298,css,d3c5d392,OldManBedroom,2025-02-08,14:41:28,-08:00,2025-02-08T14:41:28-08:00,0,18
style.css,299,css,d3c5d392,OldManBedroom,2025-02-08,14:41:28,-08:00,2025-02-08T14:41:28-08:00,0,0
style.css,300,css,d3c5d392,OldManBedroom,2025-02-08,14:41:28,-08:00,2025-02-08T14:41:28-08:00,0,0
style.css,301,css,d3c5d392,OldManBedroom,2025-02-08,14:41:28,-08:00,2025-02-08T14:41:28-08:00,0,5
style.css,302,css,d3c5d392,OldManBedroom,2025-02-08,14:41:28,-08:00,2025-02-08T14:41:28-08:00,0,15
style.css,303,css,d3c5d392,OldManBedroom,2025-02-08,14:41:28,-08:00,2025-02-08T14:41:28-08:00,0,17
style.css,304,css,d3c5d392,OldManBedroom,2025-02-08,14:41:28,-08:00,2025-02-08T14:41:28-08:00,0,0
index.js,1,js,d3c5d392,OldManBedroom,2025-02-08,14:41:28,-08:00,2025-02-08T14:41:28-08:00,0,72
index.js,2,js,d3c5d392,OldManBedroom,2025-02-08,14:41:28,-08:00,2025-02-08T14:41:28-08:00,0,0
index.js,3,js,d3c5d392,OldManBedroom,2025-02-08,14:41:28,-08:00,2025-02-08T14:41:28-08:00,0,39
index.js,4,js,d3c5d392,OldManBedroom,2025-02-08,14:41:28,-08:00,2025-02-08T14:41:28-08:00,0,77
index.js,5,js,d3c5d392,OldManBedroom,2025-02-08,14:41:28,-08:00,2025-02-08T14:41:28-08:00,0,71
index.js,6,js,d3c5d392,OldManBedroom,2025-02-08,14:41:28,-08:00,2025-02-08T14:41:28-08:00,0,85
index.js,7,js,d3c5d392,OldManBedroom,2025-02-08,14:41:28,-08:00,2025-02-08T14:41:28-08:00,0,0
index.js,8,js,d3c5d392,OldManBedroom,2025-02-08,14:41:28,-08:00,2025-02-08T14:41:28-08:00,0,23
index.js,9,js,d3c5d392,OldManBedroom,2025-02-08,14:41:28,-08:00,2025-02-08T14:41:28-08:00,0,55
index.js,10,js,d3c5d392,OldManBedroom,2025-02-08,14:41:28,-08:00,2025-02-08T14:41:28-08:00,0,0
index.js,11,js,d3c5d392,OldManBedroom,2025-02-08,14:41:28,-08:00,2025-02-08T14:41:28-08:00,0,0
index.js,12,js,d3c5d392,OldManBedroom,2025-02-08,14:41:28,-08:00,2025-02-08T14:41:28-08:00,0,0
index.js,13,js,d3c5d392,OldManBedroom,2025-02-08,14:41:28,-08:00,2025-02-08T14:41:28-08:00,0,23
index.js,14,js,d3c5d392,OldManBedroom,2025-02-08,14:41:28,-08:00,2025-02-08T14:41:28-08:00,0,0
index.js,15,js,d3c5d392,OldManBedroom,2025-02-08,14:41:28,-08:00,2025-02-08T14:41:28-08:00,0,87
index.js,16,js,d3c5d392,OldManBedroom,2025-02-08,14:41:28,-08:00,2025-02-08T14:41:28-08:00,0,0
index.js,17,js,d3c5d392,OldManBedroom,2025-02-08,14:41:28,-08:00,2025-02-08T14:41:28-08:00,0,61
index.js,18,js,d3c5d392,OldManBedroom,2025-02-08,14:41:28,-08:00,2025-02-08T14:41:28-08:00,0,0
index.js,19,js,d3c5d392,OldManBedroom,2025-02-08,14:41:28,-08:00,2025-02-08T14:41:28-08:00,0,18
index.js,20,js,d3c5d392,OldManBedroom,2025-02-08,14:41:28,-08:00,2025-02-08T14:41:28-08:00,0,25
index.js,21,js,d3c5d392,OldManBedroom,2025-02-08,14:41:28,-08:00,2025-02-08T14:41:28-08:00,0,3
index.js,22,js,d3c5d392,OldManBedroom,2025-02-08,14:41:28,-08:00,2025-02-08T14:41:28-08:00,0,56
index.js,23,js,d3c5d392,OldManBedroom,2025-02-08,14:41:28,-08:00,2025-02-08T14:41:28-08:00,0,56
index.js,24,js,d3c5d392,OldManBedroom,2025-02-08,14:41:28,-08:00,2025-02-08T14:41:28-08:00,0,50
index.js,25,js,d3c5d392,OldManBedroom,2025-02-08,14:41:28,-08:00,2025-02-08T14:41:28-08:00,0,50
index.js,26,js,d3c5d392,OldManBedroom,2025-02-08,14:41:28,-08:00,2025-02-08T14:41:28-08:00,0,4
index.js,27,js,d3c5d392,OldManBedroom,2025-02-08,14:41:28,-08:00,2025-02-08T14:41:28-08:00,0,1
index.js,28,js,d3c5d392,OldManBedroom,2025-02-08,14:41:28,-08:00,2025-02-08T14:41:28-08:00,0,0
index.html,1,html,e72222bb,OldManBedroom,2025-01-10,16:51:21,-08:00,2025-01-10T16:51:21-08:00,0,14
index.html,2,html,e72222bb,OldManBedroom,2025-01-10,16:51:21,-08:00,2025-01-10T16:51:21-08:00,0,15
index.html,3,html,e72222bb,OldManBedroom,2025-01-10,16:51:21,-08:00,2025-01-10T16:51:21-08:00,0,5
index.html,4,html,e72222bb,OldManBedroom,2025-01-10,16:51:21,-08:00,2025-01-10T16:51:21-08:00,0,21
index.html,5,html,e72222bb,OldManBedroom,2025-01-10,16:51:21,-08:00,2025-01-10T16:51:21-08:00,0,69
index.html,6,html,e72222bb,OldManBedroom,2025-01-10,16:51:21,-08:00,2025-01-10T16:51:21-08:00,0,54
index.html,7,html,87589bf5,OldManBedroom,2025-01-10,21:51:21,-08:00,2025-01-10T21:51:21-08:00,0,39
index.html,8,html,561eef51,OldManBedroom,2025-01-22,17:17:38,-08:00,2025-01-22T17:17:38-08:00,0,46
index.html,9,html,d3c5d392,OldManBedroom,2025-02-08,14:41:28,-08:00,2025-02-08T14:41:28-08:00,0,51
index.html,10,html,561eef51,OldManBedroom,2025-01-22,17:17:38,-08:00,2025-01-22T17:17:38-08:00,0,0
index.html,11,html,e72222bb,OldManBedroom,2025-01-10,16:51:21,-08:00,2025-01-10T16:51:21-08:00,0,6
index.html,12,html,e72222bb,OldManBedroom,2025-01-10,16:51:21,-08:00,2025-01-10T16:51:21-08:00,0,5
index.html,13,html,561eef51,OldManBedroom,2025-01-22,17:17:38,-08:00,2025-01-22T17:17:38-08:00,0,9
index.html,14,html,561eef51,OldManBedroom,2025-01-22,17:17:38,-08:00,2025-01-22T17:17:38-08:00,0,28
index.html,15,html,87589bf5,OldManBedroom,2025-01-10,21:51:21,-08:00,2025-01-10T21:51:21-08:00,0,41
index.html,16,html,87589bf5,OldManBedroom,2025-01-10,21:51:21,-08:00,2025-01-10T21:51:21-08:00,0,39
index.html,17,html,87589bf5,OldManBedroom,2025-01-10,21:51:21,-08:00,2025-01-10T21:51:21-08:00,0,76
index.html,18,html,87589bf5,OldManBedroom,2025-01-10,21:51:21,-08:00,2025-01-10T21:51:21-08:00,0,37
index.html,19,html,561eef51,OldManBedroom,2025-01-22,17:17:38,-08:00,2025-01-22T17:17:38-08:00,0,9
index.html,20,html,5a103087,OldManBedroom,2025-01-16,01:41:35,-08:00,2025-01-16T01:41:35-08:00,0,0
index.html,21,html,5a103087,OldManBedroom,2025-01-16,01:41:35,-08:00,2025-01-16T01:41:35-08:00,0,3
index.html,22,html,5a103087,OldManBedroom,2025-01-16,01:41:35,-08:00,2025-01-16T01:41:35-08:00,0,10
index.html,23,html,5a103087,OldManBedroom,2025-01-16,01:41:35,-08:00,2025-01-16T01:41:35-08:00,0,4
index.html,24,html,5a103087,OldManBedroom,2025-01-16,01:41:35,-08:00,2025-01-16T01:41:35-08:00,0,0
index.html,25,html,5a103087,OldManBedroom,2025-01-16,01:41:35,-08:00,2025-01-16T01:41:35-08:00,0,64
index.html,26,html,5a103087,OldManBedroom,2025-01-16,01:41:35,-08:00,2025-01-16T01:41:35-08:00,0,2
index.html,27,html,5a103087,OldManBedroom,2025-01-16,01:41:35,-08:00,2025-01-16T01:41:35-08:00,0,82
index.html,28,html,5a103087,OldManBedroom,2025-01-16,01:41:35,-08:00,2025-01-16T01:41:35-08:00,0,82
index.html,29,html,5a103087,OldManBedroom,2025-01-16,01:41:35,-08:00,2025-01-16T01:41:35-08:00,0,82
index.html,30,html,5a103087,OldManBedroom,2025-01-16,01:41:35,-08:00,2025-01-16T01:41:35-08:00,0,82
index.html,31,html,5a103087,OldManBedroom,2025-01-16,01:41:35,-08:00,2025-01-16T01:41:35-08:00,0,82
index.html,32,html,5a103087,OldManBedroom,2025-01-16,01:41:35,-08:00,2025-01-16T01:41:35-08:00,0,0
index.html,33,html,5a103087,OldManBedroom,2025-01-16,01:41:35,-08:00,2025-01-16T01:41:35-08:00,0,3
index.html,34,html,d3c5d392,OldManBedroom,2025-02-08,14:41:28,-08:00,2025-02-08T14:41:28-08:00,0,23
index.html,35,html,d3c5d392,OldManBedroom,2025-02-08,14:41:28,-08:00,2025-02-08T14:41:28-08:00,0,21
index.html,36,html,d3c5d392,OldManBedroom,2025-02-08,14:41:28,-08:00,2025-02-08T14:41:28-08:00,0,50
index.html,37,html,d3c5d392,OldManBedroom,2025-02-08,14:41:28,-08:00,2025-02-08T14:41:28-08:00,0,5
index.html,38,html,d3c5d392,OldManBedroom,2025-02-08,14:41:28,-08:00,2025-02-08T14:41:28-08:00,0,0
index.html,39,html,d3c5d392,OldManBedroom,2025-02-08,14:41:28,-08:00,2025-02-08T14:41:28-08:00,0,29
index.html,40,html,d3c5d392,OldManBedroom,2025-02-08,14:41:28,-08:00,2025-02-08T14:41:28-08:00,0,0
index.html,41,html,e72222bb,OldManBedroom,2025-01-10,16:51:21,-08:00,2025-01-10T16:51:21-08:00,0,6
index.html,42,html,e72222bb,OldManBedroom,2025-01-10,16:51:21,-08:00,2025-01-10T16:51:21-08:00,0,6
global.js,1,js,561eef51,OldManBedroom,2025-01-22,17:17:38,-08:00,2025-01-22T17:17:38-08:00,0,26
global.js,2,js,561eef51,OldManBedroom,2025-01-22,17:17:38,-08:00,2025-01-22T17:17:38-08:00,0,0
global.js,3,js,561eef51,OldManBedroom,2025-01-22,17:17:38,-08:00,2025-01-22T17:17:38-08:00,0,42
global.js,4,js,561eef51,OldManBedroom,2025-01-22,17:17:38,-08:00,2025-01-22T17:17:38-08:00,0,53
global.js,5,js,561eef51,OldManBedroom,2025-01-22,17:17:38,-08:00,2025-01-22T17:17:38-08:00,0,0
global.js,6,js,561eef51,OldManBedroom,2025-01-22,17:17:38,-08:00,2025-01-22T17:17:38-08:00,0,0
global.js,7,js,561eef51,OldManBedroom,2025-01-22,17:17:38,-08:00,2025-01-22T17:17:38-08:00,0,29
global.js,8,js,561eef51,OldManBedroom,2025-01-22,17:17:38,-08:00,2025-01-22T17:17:38-08:00,0,0
global.js,9,js,561eef51,OldManBedroom,2025-01-22,17:17:38,-08:00,2025-01-22T17:17:38-08:00,0,39
global.js,10,js,561eef51,OldManBedroom,2025-01-22,17:17:38,-08:00,2025-01-22T17:17:38-08:00,0,34
global.js,11,js,561eef51,OldManBedroom,2025-01-22,17:17:38,-08:00,2025-01-22T17:17:38-08:00,0,73
global.js,12,js,561eef51,OldManBedroom,2025-01-22,17:17:38,-08:00,2025-01-22T17:17:38-08:00,0,4
global.js,13,js,561eef51,OldManBedroom,2025-01-22,17:17:38,-08:00,2025-01-22T17:17:38-08:00,0,0
global.js,14,js,561eef51,OldManBedroom,2025-01-22,17:17:38,-08:00,2025-01-22T17:17:38-08:00,0,64
global.js,15,js,561eef51,OldManBedroom,2025-01-22,17:17:38,-08:00,2025-01-22T17:17:38-08:00,0,40
global.js,16,js,561eef51,OldManBedroom,2025-01-22,17:17:38,-08:00,2025-01-22T17:17:38-08:00,0,0
global.js,17,js,561eef51,OldManBedroom,2025-01-22,17:17:38,-08:00,2025-01-22T17:17:38-08:00,0,14
global.js,18,js,561eef51,OldManBedroom,2025-01-22,17:17:38,-08:00,2025-01-22T17:17:38-08:00,0,12
global.js,19,js,561eef51,OldManBedroom,2025-01-22,17:17:38,-08:00,2025-01-22T17:17:38-08:00,0,26
global.js,20,js,561eef51,OldManBedroom,2025-01-22,17:17:38,-08:00,2025-01-22T17:17:38-08:00,0,39
global.js,21,js,561eef51,OldManBedroom,2025-01-22,17:17:38,-08:00,2025-01-22T17:17:38-08:00,0,37
global.js,22,js,561eef51,OldManBedroom,2025-01-22,17:17:38,-08:00,2025-01-22T17:17:38-08:00,0,35
global.js,23,js,a013e754,OldManBedroom,2025-02-13,11:33:54,-08:00,2025-02-13T11:33:54-08:00,0,31
global.js,24,js,a013e754,OldManBedroom,2025-02-13,11:33:54,-08:00,2025-02-13T11:33:54-08:00,0,68
global.js,25,js,561eef51,OldManBedroom,2025-01-22,17:17:38,-08:00,2025-01-22T17:17:38-08:00,0,1
global.js,26,js,561eef51,OldManBedroom,2025-01-22,17:17:38,-08:00,2025-01-22T17:17:38-08:00,0,0
global.js,27,js,561eef51,OldManBedroom,2025-01-22,17:17:38,-08:00,2025-01-22T17:17:38-08:00,0,28
global.js,28,js,561eef51,OldManBedroom,2025-01-22,17:17:38,-08:00,2025-01-22T17:17:38-08:00,0,71
global.js,29,js,561eef51,OldManBedroom,2025-01-22,17:17:38,-08:00,2025-01-22T17:17:38-08:00,0,0
global.js,30,js,561eef51,OldManBedroom,2025-01-22,17:17:38,-08:00,2025-01-22T17:17:38-08:00,0,36
global.js,31,js,561eef51,OldManBedroom,2025-01-22,17:17:38,-08:00,2025-01-22T17:17:38-08:00,0,39
global.js,32,js,561eef51,OldManBedroom,2025-01-22,17:17:38,-08:00,2025-01-22T17:17:38-08:00,0,26
global.js,33,js,561eef51,OldManBedroom,2025-01-22,17:17:38,-08:00,2025-01-22T17:17:38-08:00,0,0
global.js,34,js,561eef51,OldManBedroom,2025-01-22,17:17:38,-08:00,2025-01-22T17:17:38-08:00,0,21
global.js,35,js,561eef51,OldManBedroom,2025-01-22,17:17:38,-08:00,2025-01-22T17:17:38-08:00,0,15
global.js,36,js,561eef51,OldManBedroom,2025-01-22,17:17:38,-08:00,2025-01-22T17:17:38-08:00,0,45
global.js,37,js,561eef51,OldManBedroom,2025-01-22,17:17:38,-08:00,2025-01-22T17:17:38-08:00,0,17
global.js,38,js,561eef51,OldManBedroom,2025-01-22,17:17:38,-08:00,2025-01-22T17:17:38-08:00,0,0
global.js,39,js,561eef51,OldManBedroom,2025-01-22,17:17:38,-08:00,2025-01-22T17:17:38-08:00,0,0
global.js,40,js,561eef51,OldManBedroom,2025-01-22,17:17:38,-08:00,2025-01-22T17:17:38-08:00,0,19
global.js,41,js,561eef51,OldManBedroom,2025-01-22,17:17:38,-08:00,2025-01-22T17:17:38-08:00,0,35
global.js,42,js,561eef51,OldManBedroom,2025-01-22,17:17:38,-08:00,2025-01-22T17:17:38-08:00,0,12
global.js,43,js,561eef51,OldManBedroom,2025-01-22,17:17:38,-08:00,2025-01-22T17:17:38-08:00,0,21
global.js,44,js,561eef51,OldManBedroom,2025-01-22,17:17:38,-08:00,2025-01-22T17:17:38-08:00,0,13
global.js,45,js,561eef51,OldManBedroom,2025-01-22,17:17:38,-08:00,2025-01-22T17:17:38-08:00,0,66
global.js,46,js,561eef51,OldManBedroom,2025-01-22,17:17:38,-08:00,2025-01-22T17:17:38-08:00,0,26
global.js,47,js,561eef51,OldManBedroom,2025-01-22,17:17:38,-08:00,2025-01-22T17:17:38-08:00,0,0
global.js,48,js,561eef51,OldManBedroom,2025-01-22,17:17:38,-08:00,2025-01-22T17:17:38-08:00,0,0
global.js,49,js,561eef51,OldManBedroom,2025-01-22,17:17:38,-08:00,2025-01-22T17:17:38-08:00,0,30
global.js,50,js,561eef51,OldManBedroom,2025-01-22,17:17:38,-08:00,2025-01-22T17:17:38-08:00,0,19
global.js,51,js,561eef51,OldManBedroom,2025-01-22,17:17:38,-08:00,2025-01-22T17:17:38-08:00,0,0
global.js,52,js,561eef51,OldManBedroom,2025-01-22,17:17:38,-08:00,2025-01-22T17:17:38-08:00,0,0
global.js,53,js,561eef51,OldManBedroom,2025-01-22,17:17:38,-08:00,2025-01-22T17:17:38-08:00,0,0
global.js,54,js,561eef51,OldManBedroom,2025-01-22,17:17:38,-08:00,2025-01-22T17:17:38-08:00,0,32
global.js,55,js,561eef51,OldManBedroom,2025-01-22,17:17:38,-08:00,2025-01-22T17:17:38-08:00,0,12
global.js,56,js,561eef51,OldManBedroom,2025-01-22,17:17:38,-08:00,2025-01-22T17:17:38-08:00,0,0
global.js,57,js,561eef51,OldManBedroom,2025-01-22,17:17:38,-08:00,2025-01-22T17:17:38-08:00,0,27
global.js,58,js,561eef51,OldManBedroom,2025-01-22,17:17:38,-08:00,2025-01-22T17:17:38-08:00,0,5
global.js,59,js,561eef51,OldManBedroom,2025-01-22,17:17:38,-08:00,2025-01-22T17:17:38-08:00,0,7
global.js,60,js,561eef51,OldManBedroom,2025-01-22,17:17:38,-08:00,2025-01-22T17:17:38-08:00,0,44
global.js,61,js,561eef51,OldManBedroom,2025-01-22,17:17:38,-08:00,2025-01-22T17:17:38-08:00,0,35
global.js,62,js,561eef51,OldManBedroom,2025-01-22,17:17:38,-08:00,2025-01-22T17:17:38-08:00,0,33
global.js,63,js,561eef51,OldManBedroom,2025-01-22,17:17:38,-08:00,2025-01-22T17:17:38-08:00,0,8
global.js,64,js,561eef51,OldManBedroom,2025-01-22,17:17:38,-08:00,2025-01-22T17:17:38-08:00,0,7
global.js,65,js,561eef51,OldManBedroom,2025-01-22,17:17:38,-08:00,2025-01-22T17:17:38-08:00,0,0
global.js,66,js,561eef51,OldManBedroom,2025-01-22,17:17:38,-08:00,2025-01-22T17:17:38-08:00,0,1
global.js,67,js,561eef51,OldManBedroom,2025-01-22,17:17:38,-08:00,2025-01-22T17:17:38-08:00,0,0
global.js,68,js,561eef51,OldManBedroom,2025-01-22,17:17:38,-08:00,2025-01-22T17:17:38-08:00,0,0
global.js,69,js,561eef51,OldManBedroom,2025-01-22,17:17:38,-08:00,2025-01-22T17:17:38-08:00,0,0
global.js,70,js,561eef51,OldManBedroom,2025-01-22,17:17:38,-08:00,2025-01-22T17:17:38-08:00,0,61
global.js,71,js,561eef51,OldManBedroom,2025-01-22,17:17:38,-08:00,2025-01-22T17:17:38-08:00,0,0
global.js,72,js,561eef51,OldManBedroom,2025-01-22,17:17:38,-08:00,2025-01-22T17:17:38-08:00,0,37
global.js,73,js,561eef51,OldManBedroom,2025-01-22,17:17:38,-08:00,2025-01-22T17:17:38-08:00,0,35
global.js,74,js,561eef51,OldManBedroom,2025-01-22,17:17:38,-08:00,2025-01-22T17:17:38-08:00,0,44
global.js,75,js,561eef51,OldManBedroom,2025-01-22,17:17:38,-08:00,2025-01-22T17:17:38-08:00,0,97
global.js,76,js,561eef51,OldManBedroom,2025-01-22,17:17:38,-08:00,2025-01-22T17:17:38-08:00,0,58
global.js,77,js,561eef51,OldManBedroom,2025-01-22,17:17:38,-08:00,2025-01-22T17:17:38-08:00,0,0
global.js,78,js,561eef51,OldManBedroom,2025-01-22,17:17:38,-08:00,2025-01-22T17:17:38-08:00,0,0
global.js,79,js,561eef51,OldManBedroom,2025-01-22,17:17:38,-08:00,2025-01-22T17:17:38-08:00,0,59
global.js,80,js,561eef51,OldManBedroom,2025-01-22,17:17:38,-08:00,2025-01-22T17:17:38-08:00,0,50
global.js,81,js,561eef51,OldManBedroom,2025-01-22,17:17:38,-08:00,2025-01-22T17:17:38-08:00,0,41
global.js,82,js,561eef51,OldManBedroom,2025-01-22,17:17:38,-08:00,2025-01-22T17:17:38-08:00,0,93
global.js,83,js,561eef51,OldManBedroom,2025-01-22,17:17:38,-08:00,2025-01-22T17:17:38-08:00,0,65
global.js,84,js,d3c5d392,OldManBedroom,2025-02-08,14:41:28,-08:00,2025-02-08T14:41:28-08:00,0,2
global.js,85,js,d3c5d392,OldManBedroom,2025-02-08,14:41:28,-08:00,2025-02-08T14:41:28-08:00,0,0
global.js,86,js,d3c5d392,OldManBedroom,2025-02-08,14:41:28,-08:00,2025-02-08T14:41:28-08:00,0,37
global.js,87,js,d3c5d392,OldManBedroom,2025-02-08,14:41:28,-08:00,2025-02-08T14:41:28-08:00,0,4
global.js,88,js,d3c5d392,OldManBedroom,2025-02-08,14:41:28,-08:00,2025-02-08T14:41:28-08:00,0,40
global.js,89,js,d3c5d392,OldManBedroom,2025-02-08,14:41:28,-08:00,2025-02-08T14:41:28-08:00,0,33
global.js,90,js,d3c5d392,OldManBedroom,2025-02-08,14:41:28,-08:00,2025-02-08T14:41:28-08:00,0,0
global.js,91,js,d3c5d392,OldManBedroom,2025-02-08,14:41:28,-08:00,2025-02-08T14:41:28-08:00,0,33
global.js,92,js,d3c5d392,OldManBedroom,2025-02-08,14:41:28,-08:00,2025-02-08T14:41:28-08:00,0,18
global.js,93,js,d3c5d392,OldManBedroom,2025-02-08,14:41:28,-08:00,2025-02-08T14:41:28-08:00,0,67
global.js,94,js,d3c5d392,OldManBedroom,2025-02-08,14:41:28,-08:00,2025-02-08T14:41:28-08:00,0,0
global.js,95,js,d3c5d392,OldManBedroom,2025-02-08,14:41:28,-08:00,2025-02-08T14:41:28-08:00,0,0
global.js,96,js,d3c5d392,OldManBedroom,2025-02-08,14:41:28,-08:00,2025-02-08T14:41:28-08:00,0,27
global.js,97,js,d3c5d392,OldManBedroom,2025-02-08,14:41:28,-08:00,2025-02-08T14:41:28-08:00,0,34
global.js,98,js,d3c5d392,OldManBedroom,2025-02-08,14:41:28,-08:00,2025-02-08T14:41:28-08:00,0,11
global.js,99,js,d3c5d392,OldManBedroom,2025-02-08,14:41:28,-08:00,2025-02-08T14:41:28-08:00,0,16
global.js,100,js,d3c5d392,OldManBedroom,2025-02-08,14:41:28,-08:00,2025-02-08T14:41:28-08:00,0,60
global.js,101,js,d3c5d392,OldManBedroom,2025-02-08,14:41:28,-08:00,2025-02-08T14:41:28-08:00,0,0
global.js,102,js,d3c5d392,OldManBedroom,2025-02-08,14:41:28,-08:00,2025-02-08T14:41:28-08:00,0,0
global.js,103,js,d3c5d392,OldManBedroom,2025-02-08,14:41:28,-08:00,2025-02-08T14:41:28-08:00,0,0
global.js,104,js,d3c5d392,OldManBedroom,2025-02-08,14:41:28,-08:00,2025-02-08T14:41:28-08:00,0,80
global.js,105,js,d3c5d392,OldManBedroom,2025-02-08,14:41:28,-08:00,2025-02-08T14:41:28-08:00,0,31
global.js,106,js,d3c5d392,OldManBedroom,2025-02-08,14:41:28,-08:00,2025-02-08T14:41:28-08:00,0,0
global.js,107,js,d3c5d392,OldManBedroom,2025-02-08,14:41:28,-08:00,2025-02-08T14:41:28-08:00,0,28
global.js,108,js,d3c5d392,OldManBedroom,2025-02-08,14:41:28,-08:00,2025-02-08T14:41:28-08:00,0,49
global.js,109,js,d3c5d392,OldManBedroom,2025-02-08,14:41:28,-08:00,2025-02-08T14:41:28-08:00,0,0
global.js,110,js,d3c5d392,OldManBedroom,2025-02-08,14:41:28,-08:00,2025-02-08T14:41:28-08:00,0,20
global.js,111,js,d3c5d392,OldManBedroom,2025-02-08,14:41:28,-08:00,2025-02-08T14:41:28-08:00,0,50
global.js,112,js,d3c5d392,OldManBedroom,2025-02-08,14:41:28,-08:00,2025-02-08T14:41:28-08:00,0,27
global.js,113,js,d3c5d392,OldManBedroom,2025-02-08,14:41:28,-08:00,2025-02-08T14:41:28-08:00,0,67
global.js,114,js,d3c5d392,OldManBedroom,2025-02-08,14:41:28,-08:00,2025-02-08T14:41:28-08:00,0,28
global.js,115,js,d3c5d392,OldManBedroom,2025-02-08,14:41:28,-08:00,2025-02-08T14:41:28-08:00,0,1
global.js,116,js,d3c5d392,OldManBedroom,2025-02-08,14:41:28,-08:00,2025-02-08T14:41:28-08:00,0,0
global.js,117,js,d3c5d392,OldManBedroom,2025-02-08,14:41:28,-08:00,2025-02-08T14:41:28-08:00,0,37
global.js,118,js,d3c5d392,OldManBedroom,2025-02-08,14:41:28,-08:00,2025-02-08T14:41:28-08:00,0,2
global.js,119,js,d3c5d392,OldManBedroom,2025-02-08,14:41:28,-08:00,2025-02-08T14:41:28-08:00,0,0
global.js,120,js,d3c5d392,OldManBedroom,2025-02-08,14:41:28,-08:00,2025-02-08T14:41:28-08:00,0,0
global.js,121,js,d3c5d392,OldManBedroom,2025-02-08,14:41:28,-08:00,2025-02-08T14:41:28-08:00,0,48
global.js,122,js,d3c5d392,OldManBedroom,2025-02-08,14:41:28,-08:00,2025-02-08T14:41:28-08:00,0,55
global.js,123,js,d3c5d392,OldManBedroom,2025-02-08,14:41:28,-08:00,2025-02-08T14:41:28-08:00,0,60
global.js,124,js,d3c5d392,OldManBedroom,2025-02-08,14:41:28,-08:00,2025-02-08T14:41:28-08:00,0,0
resume/index.html,1,html,87589bf5,OldManBedroom,2025-01-10,21:51:21,-08:00,2025-01-10T21:51:21-08:00,0,14
resume/index.html,2,html,87589bf5,OldManBedroom,2025-01-10,21:51:21,-08:00,2025-01-10T21:51:21-08:00,0,15
resume/index.html,3,html,87589bf5,OldManBedroom,2025-01-10,21:51:21,-08:00,2025-01-10T21:51:21-08:00,0,5
resume/index.html,4,html,87589bf5,OldManBedroom,2025-01-10,21:51:21,-08:00,2025-01-10T21:51:21-08:00,0,21
resume/index.html,5,html,87589bf5,OldManBedroom,2025-01-10,21:51:21,-08:00,2025-01-10T21:51:21-08:00,0,69
resume/index.html,6,html,87589bf5,OldManBedroom,2025-01-10,21:51:21,-08:00,2025-01-10T21:51:21-08:00,0,32
resume/index.html,7,html,5a103087,OldManBedroom,2025-01-16,01:41:35,-08:00,2025-01-16T01:41:35-08:00,0,42
resume/index.html,8,html,561eef51,OldManBedroom,2025-01-22,17:17:38,-08:00,2025-01-22T17:17:38-08:00,0,49
resume/index.html,9,html,87589bf5,OldManBedroom,2025-01-10,21:51:21,-08:00,2025-01-10T21:51:21-08:00,0,6
resume/index.html,10,html,87589bf5,OldManBedroom,2025-01-10,21:51:21,-08:00,2025-01-10T21:51:21-08:00,0,5
resume/index.html,11,html,561eef51,OldManBedroom,2025-01-22,17:17:38,-08:00,2025-01-22T17:17:38-08:00,0,9
resume/index.html,12,html,87589bf5,OldManBedroom,2025-01-10,21:51:21,-08:00,2025-01-10T21:51:21-08:00,0,31
resume/index.html,13,html,87589bf5,OldManBedroom,2025-01-10,21:51:21,-08:00,2025-01-10T21:51:21-08:00,0,44
resume/index.html,14,html,87589bf5,OldManBedroom,2025-01-10,21:51:21,-08:00,2025-01-10T21:51:21-08:00,0,42
resume/index.html,15,html,87589bf5,OldManBedroom,2025-01-10,21:51:21,-08:00,2025-01-10T21:51:21-08:00,0,76
resume/index.html,16,html,87589bf5,OldManBedroom,2025-01-10,21:51:21,-08:00,2025-01-10T21:51:21-08:00,0,30
resume/index.html,17,html,561eef51,OldManBedroom,2025-01-22,17:17:38,-08:00,2025-01-22T17:17:38-08:00,0,9
resume/index.html,18,html,5a103087,OldManBedroom,2025-01-16,01:41:35,-08:00,2025-01-16T01:41:35-08:00,0,7
resume/index.html,19,html,5a103087,OldManBedroom,2025-01-16,01:41:35,-08:00,2025-01-16T01:41:35-08:00,0,19
resume/index.html,20,html,5a103087,OldManBedroom,2025-01-16,01:41:35,-08:00,2025-01-16T01:41:35-08:00,0,93
resume/index.html,21,html,5a103087,OldManBedroom,2025-01-16,01:41:35,-08:00,2025-01-16T01:41:35-08:00,0,85
resume/index.html,22,html,5a103087,OldManBedroom,2025-01-16,01:41:35,-08:00,2025-01-16T01:41:35-08:00,0,70
resume/index.html,23,html,5a103087,OldManBedroom,2025-01-16,01:41:35,-08:00,2025-01-16T01:41:35-08:00,0,8
resume/index.html,24,html,5a103087,OldManBedroom,2025-01-16,01:41:35,-08:00,2025-01-16T01:41:35-08:00,0,0
resume/index.html,25,html,87589bf5,OldManBedroom,2025-01-10,21:51:21,-08:00,2025-01-10T21:51:21-08:00,0,0
resume/index.html,26,html,87589bf5,OldManBedroom,2025-01-10,21:51:21,-08:00,2025-01-10T21:51:21-08:00,0,8
resume/index.html,27,html,87589bf5,OldManBedroom,2025-01-10,21:51:21,-08:00,2025-01-10T21:51:21-08:00,0,17
resume/index.html,28,html,87589bf5,OldManBedroom,2025-01-10,21:51:21,-08:00,2025-01-10T21:51:21-08:00,0,122
resume/index.html,29,html,87589bf5,OldManBedroom,2025-01-10,21:51:21,-08:00,2025-01-10T21:51:21-08:00,0,102
resume/index.html,30,html,87589bf5,OldManBedroom,2025-01-10,21:51:21,-08:00,2025-01-10T21:51:21-08:00,0,37
resume/index.html,31,html,87589bf5,OldManBedroom,2025-01-10,21:51:21,-08:00,2025-01-10T21:51:21-08:00,0,9
resume/index.html,32,html,87589bf5,OldManBedroom,2025-01-10,21:51:21,-08:00,2025-01-10T21:51:21-08:00,0,0
resume/index.html,33,html,87589bf5,OldManBedroom,2025-01-10,21:51:21,-08:00,2025-01-10T21:51:21-08:00,0,8
resume/index.html,34,html,87589bf5,OldManBedroom,2025-01-10,21:51:21,-08:00,2025-01-10T21:51:21-08:00,0,18
resume/index.html,35,html,87589bf5,OldManBedroom,2025-01-10,21:51:21,-08:00,2025-01-10T21:51:21-08:00,0,0
resume/index.html,36,html,87589bf5,OldManBedroom,2025-01-10,21:51:21,-08:00,2025-01-10T21:51:21-08:00,0,4
resume/index.html,37,html,87589bf5,OldManBedroom,2025-01-10,21:51:21,-08:00,2025-01-10T21:51:21-08:00,0,59
resume/index.html,38,html,87589bf5,OldManBedroom,2025-01-10,21:51:21,-08:00,2025-01-10T21:51:21-08:00,0,102
resume/index.html,39,html,87589bf5,OldManBedroom,2025-01-10,21:51:21,-08:00,2025-01-10T21:51:21-08:00,0,3
resume/index.html,40,html,87589bf5,OldManBedroom,2025-01-10,21:51:21,-08:00,2025-01-10T21:51:21-08:00,0,69
resume/index.html,41,html,87589bf5,OldManBedroom,2025-01-10,21:51:21,-08:00,2025-01-10T21:51:21-08:00,0,62
resume/index.html,42,html,87589bf5,OldManBedroom,2025-01-10,21:51:21,-08:00,2025-01-10T21:51:21-08:00,0,46
resume/index.html,43,html,87589bf5,OldManBedroom,2025-01-10,21:51:21,-08:00,2025-01-10T21:51:21-08:00,0,4
resume/index.html,44,html,87589bf5,OldManBedroom,2025-01-10,21:51:21,-08:00,2025-01-10T21:51:21-08:00,0,5
resume/index.html,45,html,87589bf5,OldManBedroom,2025-01-10,21:51:21,-08:00,2025-01-10T21:51:21-08:00,0,0
resume/index.html,46,html,87589bf5,OldManBedroom,2025-01-10,21:51:21,-08:00,2025-01-10T21:51:21-08:00,0,4
resume/index.html,47,html,87589bf5,OldManBedroom,2025-01-10,21:51:21,-08:00,2025-01-10T21:51:21-08:00,0,38
resume/index.html,48,html,87589bf5,OldManBedroom,2025-01-10,21:51:21,-08:00,2025-01-10T21:51:21-08:00,0,99
resume/index.html,49,html,87589bf5,OldManBedroom,2025-01-10,21:51:21,-08:00,2025-01-10T21:51:21-08:00,0,3
resume/index.html,50,html,87589bf5,OldManBedroom,2025-01-10,21:51:21,-08:00,2025-01-10T21:51:21-08:00,0,53
resume/index.html,51,html,87589bf5,OldManBedroom,2025-01-10,21:51:21,-08:00,2025-01-10T21:51:21-08:00,0,109
resume/index.html,52,html,87589bf5,OldManBedroom,2025-01-10,21:51:21,-08:00,2025-01-10T21:51:21-08:00,0,92
resume/index.html,53,html,87589bf5,OldManBedroom,2025-01-10,21:51:21,-08:00,2025-01-10T21:51:21-08:00,0,79
resume/index.html,54,html,87589bf5,OldManBedroom,2025-01-10,21:51:21,-08:00,2025-01-10T21:51:21-08:00,0,4
resume/index.html,55,html,87589bf5,OldManBedroom,2025-01-10,21:51:21,-08:00,2025-01-10T21:51:21-08:00,0,5
resume/index.html,56,html,87589bf5,OldManBedroom,2025-01-10,21:51:21,-08:00,2025-01-10T21:51:21-08:00,0,0
resume/index.html,57,html,87589bf5,OldManBedroom,2025-01-10,21:51:21,-08:00,2025-01-10T21:51:21-08:00,0,4
resume/index.html,58,html,87589bf5,OldManBedroom,2025-01-10,21:51:21,-08:00,2025-01-10T21:51:21-08:00,0,34
resume/index.html,59,html,87589bf5,OldManBedroom,2025-01-10,21:51:21,-08:00,2025-01-10T21:51:21-08:00,0,106
resume/index.html,60,html,87589bf5,OldManBedroom,2025-01-10,21:51:21,-08:00,2025-01-10T21:51:21-08:00,0,3
resume/index.html,61,html,87589bf5,OldManBedroom,2025-01-10,21:51:21,-08:00,2025-01-10T21:51:21-08:00,0,53
resume/index.html,62,html,87589bf5,OldManBedroom,2025-01-10,21:51:21,-08:00,2025-01-10T21:51:21-08:00,0,55
resume/index.html,63,html,87589bf5,OldManBedroom,2025-01-10,21:51:21,-08:00,2025-01-10T21:51:21-08:00,0,37
resume/index.html,64,html,87589bf5,OldManBedroom,2025-01-10,21:51:21,-08:00,2025-01-10T21:51:21-08:00,0,4
resume/index.html,65,html,87589bf5,OldManBedroom,2025-01-10,21:51:21,-08:00,2025-01-10T21:51:21-08:00,0,5
resume/index.html,66,html,87589bf5,OldManBedroom,2025-01-10,21:51:21,-08:00,2025-01-10T21:51:21-08:00,0,9
resume/index.html,67,html,87589bf5,OldManBedroom,2025-01-10,21:51:21,-08:00,2025-01-10T21:51:21-08:00,0,0
resume/index.html,68,html,87589bf5,OldManBedroom,2025-01-10,21:51:21,-08:00,2025-01-10T21:51:21-08:00,0,8
resume/index.html,69,html,87589bf5,OldManBedroom,2025-01-10,21:51:21,-08:00,2025-01-10T21:51:21-08:00,0,16
resume/index.html,70,html,87589bf5,OldManBedroom,2025-01-10,21:51:21,-08:00,2025-01-10T21:51:21-08:00,0,0
resume/index.html,71,html,87589bf5,OldManBedroom,2025-01-10,21:51:21,-08:00,2025-01-10T21:51:21-08:00,0,4
resume/index.html,72,html,87589bf5,OldManBedroom,2025-01-10,21:51:21,-08:00,2025-01-10T21:51:21-08:00,0,27
resume/index.html,73,html,87589bf5,OldManBedroom,2025-01-10,21:51:21,-08:00,2025-01-10T21:51:21-08:00,0,3
resume/index.html,74,html,87589bf5,OldManBedroom,2025-01-10,21:51:21,-08:00,2025-01-10T21:51:21-08:00,0,80
resume/index.html,75,html,87589bf5,OldManBedroom,2025-01-10,21:51:21,-08:00,2025-01-10T21:51:21-08:00,0,95
resume/index.html,76,html,87589bf5,OldManBedroom,2025-01-10,21:51:21,-08:00,2025-01-10T21:51:21-08:00,0,71
resume/index.html,77,html,87589bf5,OldManBedroom,2025-01-10,21:51:21,-08:00,2025-01-10T21:51:21-08:00,0,65
resume/index.html,78,html,87589bf5,OldManBedroom,2025-01-10,21:51:21,-08:00,2025-01-10T21:51:21-08:00,0,4
resume/index.html,79,html,87589bf5,OldManBedroom,2025-01-10,21:51:21,-08:00,2025-01-10T21:51:21-08:00,0,5
resume/index.html,80,html,87589bf5,OldManBedroom,2025-01-10,21:51:21,-08:00,2025-01-10T21:51:21-08:00,0,0
resume/index.html,81,html,87589bf5,OldManBedroom,2025-01-10,21:51:21,-08:00,2025-01-10T21:51:21-08:00,0,4
resume/index.html,82,html,87589bf5,OldManBedroom,2025-01-10,21:51:21,-08:00,2025-01-10T21:51:21-08:00,0,26
resume/index.html,83,html,87589bf5,OldManBedroom,2025-01-10,21:51:21,-08:00,2025-01-10T21:51:21-08:00,0,3
resume/index.html,84,html,87589bf5,OldManBedroom,2025-01-10,21:51:21,-08:00,2025-01-10T21:51:21-08:00,0,84
resume/index.html,85,html,87589bf5,OldManBedroom,2025-01-10,21:51:21,-08:00,2025-01-10T21:51:21-08:00,0,35
resume/index.html,86,html,87589bf5,OldManBedroom,2025-01-10,21:51:21,-08:00,2025-01-10T21:51:21-08:00,0,4
resume/index.html,87,html,87589bf5,OldManBedroom,2025-01-10,21:51:21,-08:00,2025-01-10T21:51:21-08:00,0,5
resume/index.html,88,html,87589bf5,OldManBedroom,2025-01-10,21:51:21,-08:00,2025-01-10T21:51:21-08:00,0,0
resume/index.html,89,html,87589bf5,OldManBedroom,2025-01-10,21:51:21,-08:00,2025-01-10T21:51:21-08:00,0,4
resume/index.html,90,html,87589bf5,OldManBedroom,2025-01-10,21:51:21,-08:00,2025-01-10T21:51:21-08:00,0,28
resume/index.html,91,html,87589bf5,OldManBedroom,2025-01-10,21:51:21,-08:00,2025-01-10T21:51:21-08:00,0,3
resume/index.html,92,html,87589bf5,OldManBedroom,2025-01-10,21:51:21,-08:00,2025-01-10T21:51:21-08:00,0,129
resume/index.html,93,html,87589bf5,OldManBedroom,2025-01-10,21:51:21,-08:00,2025-01-10T21:51:21-08:00,0,74
resume/index.html,94,html,87589bf5,OldManBedroom,2025-01-10,21:51:21,-08:00,2025-01-10T21:51:21-08:00,0,44
resume/index.html,95,html,87589bf5,OldManBedroom,2025-01-10,21:51:21,-08:00,2025-01-10T21:51:21-08:00,0,51
resume/index.html,96,html,87589bf5,OldManBedroom,2025-01-10,21:51:21,-08:00,2025-01-10T21:51:21-08:00,0,4
resume/index.html,97,html,87589bf5,OldManBedroom,2025-01-10,21:51:21,-08:00,2025-01-10T21:51:21-08:00,0,5
resume/index.html,98,html,87589bf5,OldManBedroom,2025-01-10,21:51:21,-08:00,2025-01-10T21:51:21-08:00,0,0
resume/index.html,99,html,87589bf5,OldManBedroom,2025-01-10,21:51:21,-08:00,2025-01-10T21:51:21-08:00,0,4
resume/index.html,100,html,87589bf5,OldManBedroom,2025-01-10,21:51:21,-08:00,2025-01-10T21:51:21-08:00,0,33
resume/index.html,101,html,87589bf5,OldManBedroom,2025-01-10,21:51:21,-08:00,2025-01-10T21:51:21-08:00,0,3
resume/index.html,102,html,87589bf5,OldManBedroom,2025-01-10,21:51:21,-08:00,2025-01-10T21:51:21-08:00,0,104
resume/index.html,103,html,87589bf5,OldManBedroom,2025-01-10,21:51:21,-08:00,2025-01-10T21:51:21-08:00,0,80
resume/index.html,104,html,87589bf5,OldManBedroom,2025-01-10,21:51:21,-08:00,2025-01-10T21:51:21-08:00,0,35
resume/index.html,105,html,87589bf5,OldManBedroom,2025-01-10,21:51:21,-08:00,2025-01-10T21:51:21-08:00,0,4
resume/index.html,106,html,87589bf5,OldManBedroom,2025-01-10,21:51:21,-08:00,2025-01-10T21:51:21-08:00,0,5
resume/index.html,107,html,87589bf5,OldManBedroom,2025-01-10,21:51:21,-08:00,2025-01-10T21:51:21-08:00,0,9
resume/index.html,108,html,87589bf5,OldManBedroom,2025-01-10,21:51:21,-08:00,2025-01-10T21:51:21-08:00,0,0
resume/index.html,109,html,87589bf5,OldManBedroom,2025-01-10,21:51:21,-08:00,2025-01-10T21:51:21-08:00,0,8
resume/index.html,110,html,87589bf5,OldManBedroom,2025-01-10,21:51:21,-08:00,2025-01-10T21:51:21-08:00,0,14
resume/index.html,111,html,87589bf5,OldManBedroom,2025-01-10,21:51:21,-08:00,2025-01-10T21:51:21-08:00,0,3
resume/index.html,112,html,87589bf5,OldManBedroom,2025-01-10,21:51:21,-08:00,2025-01-10T21:51:21-08:00,0,73
resume/index.html,113,html,87589bf5,OldManBedroom,2025-01-10,21:51:21,-08:00,2025-01-10T21:51:21-08:00,0,68
resume/index.html,114,html,87589bf5,OldManBedroom,2025-01-10,21:51:21,-08:00,2025-01-10T21:51:21-08:00,0,4
resume/index.html,115,html,87589bf5,OldManBedroom,2025-01-10,21:51:21,-08:00,2025-01-10T21:51:21-08:00,0,9
resume/index.html,116,html,87589bf5,OldManBedroom,2025-01-10,21:51:21,-08:00,2025-01-10T21:51:21-08:00,0,6
resume/index.html,117,html,87589bf5,OldManBedroom,2025-01-10,21:51:21,-08:00,2025-01-10T21:51:21-08:00,0,6
projects/projects.js,1,js,d3c5d392,OldManBedroom,2025-02-08,14:41:28,-08:00,2025-02-08T14:41:28-08:00,0,64
projects/projects.js,2,js,d3c5d392,OldManBedroom,2025-02-08,14:41:28,-08:00,2025-02-08T14:41:28-08:00,0,0
projects/projects.js,3,js,d3c5d392,OldManBedroom,2025-02-08,14:41:28,-08:00,2025-02-08T14:41:28-08:00,0,56
projects/projects.js,4,js,d3c5d392,OldManBedroom,2025-02-08,14:41:28,-08:00,2025-02-08T14:41:28-08:00,0,56
projects/projects.js,5,js,d3c5d392,OldManBedroom,2025-02-08,14:41:28,-08:00,2025-02-08T14:41:28-08:00,0,61
projects/projects.js,6,js,d3c5d392,OldManBedroom,2025-02-08,14:41:28,-08:00,2025-02-08T14:41:28-08:00,0,49
projects/projects.js,7,js,d3c5d392,OldManBedroom,2025-02-08,14:41:28,-08:00,2025-02-08T14:41:28-08:00,0,0
projects/projects.js,8,js,d3c5d392,OldManBedroom,2025-02-08,14:41:28,-08:00,2025-02-08T14:41:28-08:00,0,20
projects/projects.js,9,js,d3c5d392,OldManBedroom,2025-02-08,14:41:28,-08:00,2025-02-08T14:41:28-08:00,0,50
projects/projects.js,10,js,d3c5d392,OldManBedroom,2025-02-08,14:41:28,-08:00,2025-02-08T14:41:28-08:00,0,0
projects/projects.js,11,js,d3c5d392,OldManBedroom,2025-02-08,14:41:28,-08:00,2025-02-08T14:41:28-08:00,0,15
projects/projects.js,12,js,d3c5d392,OldManBedroom,2025-02-08,14:41:28,-08:00,2025-02-08T14:41:28-08:00,0,60
projects/projects.js,13,js,d3c5d392,OldManBedroom,2025-02-08,14:41:28,-08:00,2025-02-08T14:41:28-08:00,0,0
projects/projects.js,14,js,d3c5d392,OldManBedroom,2025-02-08,14:41:28,-08:00,2025-02-08T14:41:28-08:00,0,27
projects/projects.js,15,js,d3c5d392,OldManBedroom,2025-02-08,14:41:28,-08:00,2025-02-08T14:41:28-08:00,0,22
projects/projects.js,16,js,d3c5d392,OldManBedroom,2025-02-08,14:41:28,-08:00,2025-02-08T14:41:28-08:00,0,0
projects/projects.js,17,js,d3c5d392,OldManBedroom,2025-02-08,14:41:28,-08:00,2025-02-08T14:41:28-08:00,0,29
projects/projects.js,18,js,d3c5d392,OldManBedroom,2025-02-08,14:41:28,-08:00,2025-02-08T14:41:28-08:00,0,30
projects/projects.js,19,js,d3c5d392,OldManBedroom,2025-02-08,14:41:28,-08:00,2025-02-08T14:41:28-08:00,0,28
projects/projects.js,20,js,d3c5d392,OldManBedroom,2025-02-08,14:41:28,-08:00,2025-02-08T14:41:28-08:00,0,30
projects/projects.js,21,js,d3c5d392,OldManBedroom,2025-02-08,14:41:28,-08:00,2025-02-08T14:41:28-08:00,0,0
projects/projects.js,22,js,d3c5d392,OldManBedroom,2025-02-08,14:41:28,-08:00,2025-02-08T14:41:28-08:00,0,35
projects/projects.js,23,js,d3c5d392,OldManBedroom,2025-02-08,14:41:28,-08:00,2025-02-08T14:41:28-08:00,0,31
projects/projects.js,24,js,d3c5d392,OldManBedroom,2025-02-08,14:41:28,-08:00,2025-02-08T14:41:28-08:00,0,0
projects/projects.js,25,js,d3c5d392,OldManBedroom,2025-02-08,14:41:28,-08:00,2025-02-08T14:41:28-08:00,0,21
projects/projects.js,26,js,d3c5d392,OldManBedroom,2025-02-08,14:41:28,-08:00,2025-02-08T14:41:28-08:00,0,49
projects/projects.js,27,js,d3c5d392,OldManBedroom,2025-02-08,14:41:28,-08:00,2025-02-08T14:41:28-08:00,0,0
projects/projects.js,28,js,d3c5d392,OldManBedroom,2025-02-08,14:41:28,-08:00,2025-02-08T14:41:28-08:00,0,27
projects/projects.js,29,js,d3c5d392,OldManBedroom,2025-02-08,14:41:28,-08:00,2025-02-08T14:41:28-08:00,0,22
projects/projects.js,30,js,d3c5d392,OldManBedroom,2025-02-08,14:41:28,-08:00,2025-02-08T14:41:28-08:00,0,2
projects/projects.js,31,js,d3c5d392,OldManBedroom,2025-02-08,14:41:28,-08:00,2025-02-08T14:41:28-08:00,0,14
projects/projects.js,32,js,d3c5d392,OldManBedroom,2025-02-08,14:41:28,-08:00,2025-02-08T14:41:28-08:00,0,28
projects/projects.js,33,js,d3c5d392,OldManBedroom,2025-02-08,14:41:28,-08:00,2025-02-08T14:41:28-08:00,0,25
projects/projects.js,34,js,d3c5d392,OldManBedroom,2025-02-08,14:41:28,-08:00,2025-02-08T14:41:28-08:00,0,54
projects/projects.js,35,js,d3c5d392,OldManBedroom,2025-02-08,14:41:28,-08:00,2025-02-08T14:41:28-08:00,0,19
projects/projects.js,36,js,d3c5d392,OldManBedroom,2025-02-08,14:41:28,-08:00,2025-02-08T14:41:28-08:00,0,23
projects/projects.js,37,js,d3c5d392,OldManBedroom,2025-02-08,14:41:28,-08:00,2025-02-08T14:41:28-08:00,0,48
projects/projects.js,38,js,d3c5d392,OldManBedroom,2025-02-08,14:41:28,-08:00,2025-02-08T14:41:28-08:00,0,0
projects/projects.js,39,js,d3c5d392,OldManBedroom,2025-02-08,14:41:28,-08:00,2025-02-08T14:41:28-08:00,0,32
projects/projects.js,40,js,d3c5d392,OldManBedroom,2025-02-08,14:41:28,-08:00,2025-02-08T14:41:28-08:00,0,44
projects/projects.js,41,js,d3c5d392,OldManBedroom,2025-02-08,14:41:28,-08:00,2025-02-08T14:41:28-08:00,0,36
projects/projects.js,42,js,d3c5d392,OldManBedroom,2025-02-08,14:41:28,-08:00,2025-02-08T14:41:28-08:00,0,1
projects/projects.js,43,js,d3c5d392,OldManBedroom,2025-02-08,14:41:28,-08:00,2025-02-08T14:41:28-08:00,0,0
projects/projects.js,44,js,d3c5d392,OldManBedroom,2025-02-08,14:41:28,-08:00,2025-02-08T14:41:28-08:00,0,45
projects/projects.js,45,js,d3c5d392,OldManBedroom,2025-02-08,14:41:28,-08:00,2025-02-08T14:41:28-08:00,0,36
projects/projects.js,46,js,d3c5d392,OldManBedroom,2025-02-08,14:41:28,-08:00,2025-02-08T14:41:28-08:00,0,1
projects/projects.js,47,js,d3c5d392,OldManBedroom,2025-02-08,14:41:28,-08:00,2025-02-08T14:41:28-08:00,0,0
projects/projects.js,48,js,d3c5d392,OldManBedroom,2025-02-08,14:41:28,-08:00,2025-02-08T14:41:28-08:00,0,47
projects/projects.js,49,js,d3c5d392,OldManBedroom,2025-02-08,14:41:28,-08:00,2025-02-08T14:41:28-08:00,0,23
projects/projects.js,50,js,d3c5d392,OldManBedroom,2025-02-08,14:41:28,-08:00,2025-02-08T14:41:28-08:00,0,19
projects/projects.js,51,js,d3c5d392,OldManBedroom,2025-02-08,14:41:28,-08:00,2025-02-08T14:41:28-08:00,0,9
projects/projects.js,52,js,d3c5d392,OldManBedroom,2025-02-08,14:41:28,-08:00,2025-02-08T14:41:28-08:00,0,17
projects/projects.js,53,js,d3c5d392,OldManBedroom,2025-02-08,14:41:28,-08:00,2025-02-08T14:41:28-08:00,0,54
projects/projects.js,54,js,d3c5d392,OldManBedroom,2025-02-08,14:41:28,-08:00,2025-02-08T14:41:28-08:00,0,1
projects/projects.js,55,js,d3c5d392,OldManBedroom,2025-02-08,14:41:28,-08:00,2025-02-08T14:41:28-08:00,0,0
projects/projects.js,56,js,d3c5d392,OldManBedroom,2025-02-08,14:41:28,-08:00,2025-02-08T14:41:28-08:00,0,57
projects/projects.js,57,js,d3c5d392,OldManBedroom,2025-02-08,14:41:28,-08:00,2025-02-08T14:41:28-08:00,0,2
projects/projects.js,58,js,d3c5d392,OldManBedroom,2025-02-08,14:41:28,-08:00,2025-02-08T14:41:28-08:00,0,2
projects/projects.js,59,js,d3c5d392,OldManBedroom,2025-02-08,14:41:28,-08:00,2025-02-08T14:41:28-08:00,0,0
projects/projects.js,60,js,d3c5d392,OldManBedroom,2025-02-08,14:41:28,-08:00,2025-02-08T14:41:28-08:00,0,17
projects/projects.js,61,js,d3c5d392,OldManBedroom,2025-02-08,14:41:28,-08:00,2025-02-08T14:41:28-08:00,0,25
projects/projects.js,62,js,d3c5d392,OldManBedroom,2025-02-08,14:41:28,-08:00,2025-02-08T14:41:28-08:00,0,5
projects/projects.js,63,js,d3c5d392,OldManBedroom,2025-02-08,14:41:28,-08:00,2025-02-08T14:41:28-08:00,0,12
projects/projects.js,64,js,d3c5d392,OldManBedroom,2025-02-08,14:41:28,-08:00,2025-02-08T14:41:28-08:00,0,54
projects/projects.js,65,js,d3c5d392,OldManBedroom,2025-02-08,14:41:28,-08:00,2025-02-08T14:41:28-08:00,0,39
projects/projects.js,66,js,d3c5d392,OldManBedroom,2025-02-08,14:41:28,-08:00,2025-02-08T14:41:28-08:00,0,60
projects/projects.js,67,js,d3c5d392,OldManBedroom,2025-02-08,14:41:28,-08:00,2025-02-08T14:41:28-08:00,0,19
projects/projects.js,68,js,d3c5d392,OldManBedroom,2025-02-08,14:41:28,-08:00,2025-02-08T14:41:28-08:00,0,23
projects/projects.js,69,js,d3c5d392,OldManBedroom,2025-02-08,14:41:28,-08:00,2025-02-08T14:41:28-08:00,0,48
projects/projects.js,70,js,d3c5d392,OldManBedroom,2025-02-08,14:41:28,-08:00,2025-02-08T14:41:28-08:00,0,0
projects/projects.js,71,js,d3c5d392,OldManBedroom,2025-02-08,14:41:28,-08:00,2025-02-08T14:41:28-08:00,0,32
projects/projects.js,72,js,d3c5d392,OldManBedroom,2025-02-08,14:41:28,-08:00,2025-02-08T14:41:28-08:00,0,44
projects/projects.js,73,js,d3c5d392,OldManBedroom,2025-02-08,14:41:28,-08:00,2025-02-08T14:41:28-08:00,0,36
projects/projects.js,74,js,d3c5d392,OldManBedroom,2025-02-08,14:41:28,-08:00,2025-02-08T14:41:28-08:00,0,1
projects/projects.js,75,js,d3c5d392,OldManBedroom,2025-02-08,14:41:28,-08:00,2025-02-08T14:41:28-08:00,0,0
projects/projects.js,76,js,d3c5d392,OldManBedroom,2025-02-08,14:41:28,-08:00,2025-02-08T14:41:28-08:00,0,45
projects/projects.js,77,js,d3c5d392,OldManBedroom,2025-02-08,14:41:28,-08:00,2025-02-08T14:41:28-08:00,0,36
projects/projects.js,78,js,d3c5d392,OldManBedroom,2025-02-08,14:41:28,-08:00,2025-02-08T14:41:28-08:00,0,1
projects/projects.js,79,js,d3c5d392,OldManBedroom,2025-02-08,14:41:28,-08:00,2025-02-08T14:41:28-08:00,0,0
projects/projects.js,80,js,d3c5d392,OldManBedroom,2025-02-08,14:41:28,-08:00,2025-02-08T14:41:28-08:00,0,47
projects/projects.js,81,js,d3c5d392,OldManBedroom,2025-02-08,14:41:28,-08:00,2025-02-08T14:41:28-08:00,0,23
projects/projects.js,82,js,d3c5d392,OldManBedroom,2025-02-08,14:41:28,-08:00,2025-02-08T14:41:28-08:00,0,19
projects/projects.js,83,js,d3c5d392,OldManBedroom,2025-02-08,14:41:28,-08:00,2025-02-08T14:41:28-08:00,0,9
projects/projects.js,84,js,d3c5d392,OldManBedroom,2025-02-08,14:41:28,-08:00,2025-02-08T14:41:28-08:00,0,17
projects/projects.js,85,js,d3c5d392,OldManBedroom,2025-02-08,14:41:28,-08:00,2025-02-08T14:41:28-08:00,0,54
projects/projects.js,86,js,d3c5d392,OldManBedroom,2025-02-08,14:41:28,-08:00,2025-02-08T14:41:28-08:00,0,1
projects/projects.js,87,js,d3c5d392,OldManBedroom,2025-02-08,14:41:28,-08:00,2025-02-08T14:41:28-08:00,0,0
projects/projects.js,88,js,d3c5d392,OldManBedroom,2025-02-08,14:41:28,-08:00,2025-02-08T14:41:28-08:00,0,57
projects/projects.js,89,js,d3c5d392,OldManBedroom,2025-02-08,14:41:28,-08:00,2025-02-08T14:41:28-08:00,0,2
projects/projects.js,90,js,d3c5d392,OldManBedroom,2025-02-08,14:41:28,-08:00,2025-02-08T14:41:28-08:00,0,2
projects/projects.js,91,js,d3c5d392,OldManBedroom,2025-02-08,14:41:28,-08:00,2025-02-08T14:41:28-08:00,0,0
projects/projects.js,92,js,d3c5d392,OldManBedroom,2025-02-08,14:41:28,-08:00,2025-02-08T14:41:28-08:00,0,0
projects/projects.js,93,js,d3c5d392,OldManBedroom,2025-02-08,14:41:28,-08:00,2025-02-08T14:41:28-08:00,0,14
projects/projects.js,94,js,d3c5d392,OldManBedroom,2025-02-08,14:41:28,-08:00,2025-02-08T14:41:28-08:00,0,29
projects/projects.js,95,js,d3c5d392,OldManBedroom,2025-02-08,14:41:28,-08:00,2025-02-08T14:41:28-08:00,0,8
projects/projects.js,96,js,d3c5d392,OldManBedroom,2025-02-08,14:41:28,-08:00,2025-02-08T14:41:28-08:00,0,15
projects/projects.js,97,js,d3c5d392,OldManBedroom,2025-02-08,14:41:28,-08:00,2025-02-08T14:41:28-08:00,0,12
projects/projects.js,98,js,d3c5d392,OldManBedroom,2025-02-08,14:41:28,-08:00,2025-02-08T14:41:28-08:00,0,1
projects/projects.js,99,js,d3c5d392,OldManBedroom,2025-02-08,14:41:28,-08:00,2025-02-08T14:41:28-08:00,0,0
projects/projects.js,100,js,d3c5d392,OldManBedroom,2025-02-08,14:41:28,-08:00,2025-02-08T14:41:28-08:00,0,48
projects/projects.js,101,js,d3c5d392,OldManBedroom,2025-02-08,14:41:28,-08:00,2025-02-08T14:41:28-08:00,0,11
projects/projects.js,102,js,d3c5d392,OldManBedroom,2025-02-08,14:41:28,-08:00,2025-02-08T14:41:28-08:00,0,12
projects/projects.js,103,js,d3c5d392,OldManBedroom,2025-02-08,14:41:28,-08:00,2025-02-08T14:41:28-08:00,0,3
projects/projects.js,104,js,d3c5d392,OldManBedroom,2025-02-08,14:41:28,-08:00,2025-02-08T14:41:28-08:00,0,0
projects/projects.js,105,js,d3c5d392,OldManBedroom,2025-02-08,14:41:28,-08:00,2025-02-08T14:41:28-08:00,0,16
projects/projects.js,106,js,d3c5d392,OldManBedroom,2025-02-08,14:41:28,-08:00,2025-02-08T14:41:28-08:00,0,20
projects/projects.js,107,js,d3c5d392,OldManBedroom,2025-02-08,14:41:28,-08:00,2025-02-08T14:41:28-08:00,0,0
projects/projects.js,108,js,d3c5d392,OldManBedroom,2025-02-08,14:41:28,-08:00,2025-02-08T14:41:28-08:00,0,26
projects/projects.js,109,js,d3c5d392,OldManBedroom,2025-02-08,14:41:28,-08:00,2025-02-08T14:41:28-08:00,0,56
projects/projects.js,110,js,d3c5d392,OldManBedroom,2025-02-08,14:41:28,-08:00,2025-02-08T14:41:28-08:00,0,0
projects/projects.js,111,js,d3c5d392,OldManBedroom,2025-02-08,14:41:28,-08:00,2025-02-08T14:41:28-08:00,0,49
projects/projects.js,112,js,d3c5d392,OldManBedroom,2025-02-08,14:41:28,-08:00,2025-02-08T14:41:28-08:00,0,46
projects/projects.js,113,js,d3c5d392,OldManBedroom,2025-02-08,14:41:28,-08:00,2025-02-08T14:41:28-08:00,0,52
projects/projects.js,114,js,d3c5d392,OldManBedroom,2025-02-08,14:41:28,-08:00,2025-02-08T14:41:28-08:00,0,61
projects/projects.js,115,js,d3c5d392,OldManBedroom,2025-02-08,14:41:28,-08:00,2025-02-08T14:41:28-08:00,0,1
projects/projects.js,116,js,d3c5d392,OldManBedroom,2025-02-08,14:41:28,-08:00,2025-02-08T14:41:28-08:00,0,0
projects/projects.js,117,js,d3c5d392,OldManBedroom,2025-02-08,14:41:28,-08:00,2025-02-08T14:41:28-08:00,0,57
projects/projects.js,118,js,d3c5d392,OldManBedroom,2025-02-08,14:41:28,-08:00,2025-02-08T14:41:28-08:00,0,0
projects/projects.js,119,js,d3c5d392,OldManBedroom,2025-02-08,14:41:28,-08:00,2025-02-08T14:41:28-08:00,0,50
projects/projects.js,120,js,d3c5d392,OldManBedroom,2025-02-08,14:41:28,-08:00,2025-02-08T14:41:28-08:00,0,31
projects/projects.js,121,js,d3c5d392,OldManBedroom,2025-02-08,14:41:28,-08:00,2025-02-08T14:41:28-08:00,0,16
projects/projects.js,122,js,d3c5d392,OldManBedroom,2025-02-08,14:41:28,-08:00,2025-02-08T14:41:28-08:00,0,15
projects/projects.js,123,js,d3c5d392,OldManBedroom,2025-02-08,14:41:28,-08:00,2025-02-08T14:41:28-08:00,0,12
projects/projects.js,124,js,d3c5d392,OldManBedroom,2025-02-08,14:41:28,-08:00,2025-02-08T14:41:28-08:00,0,26
projects/projects.js,125,js,d3c5d392,OldManBedroom,2025-02-08,14:41:28,-08:00,2025-02-08T14:41:28-08:00,0,11
projects/projects.js,126,js,d3c5d392,OldManBedroom,2025-02-08,14:41:28,-08:00,2025-02-08T14:41:28-08:00,0,12
projects/projects.js,127,js,d3c5d392,OldManBedroom,2025-02-08,14:41:28,-08:00,2025-02-08T14:41:28-08:00,0,3
projects/projects.js,128,js,d3c5d392,OldManBedroom,2025-02-08,14:41:28,-08:00,2025-02-08T14:41:28-08:00,0,0
projects/projects.js,129,js,d3c5d392,OldManBedroom,2025-02-08,14:41:28,-08:00,2025-02-08T14:41:28-08:00,0,28
projects/projects.js,130,js,d3c5d392,OldManBedroom,2025-02-08,14:41:28,-08:00,2025-02-08T14:41:28-08:00,0,2
projects/index.html,1,html,87589bf5,OldManBedroom,2025-01-10,21:51:21,-08:00,2025-01-10T21:51:21-08:00,0,14
projects/index.html,2,html,87589bf5,OldManBedroom,2025-01-10,21:51:21,-08:00,2025-01-10T21:51:21-08:00,0,15
projects/index.html,3,html,87589bf5,OldManBedroom,2025-01-10,21:51:21,-08:00,2025-01-10T21:51:21-08:00,0,5
projects/index.html,4,html,87589bf5,OldManBedroom,2025-01-10,21:51:21,-08:00,2025-01-10T21:51:21-08:00,0,21
projects/index.html,5,html,87589bf5,OldManBedroom,2025-01-10,21:51:21,-08:00,2025-01-10T21:51:21-08:00,0,69
projects/index.html,6,html,87589bf5,OldManBedroom,2025-01-10,21:51:21,-08:00,2025-01-10T21:51:21-08:00,0,22
projects/index.html,7,html,5a103087,OldManBedroom,2025-01-16,01:41:35,-08:00,2025-01-16T01:41:35-08:00,0,42
projects/index.html,8,html,561eef51,OldManBedroom,2025-01-22,17:17:38,-08:00,2025-01-22T17:17:38-08:00,0,49
projects/index.html,9,html,d3c5d392,OldManBedroom,2025-02-08,14:41:28,-08:00,2025-02-08T14:41:28-08:00,0,48
projects/index.html,10,html,561eef51,OldManBedroom,2025-01-22,17:17:38,-08:00,2025-01-22T17:17:38-08:00,0,0
projects/index.html,11,html,87589bf5,OldManBedroom,2025-01-10,21:51:21,-08:00,2025-01-10T21:51:21-08:00,0,6
projects/index.html,12,html,87589bf5,OldManBedroom,2025-01-10,21:51:21,-08:00,2025-01-10T21:51:21-08:00,0,5
projects/index.html,13,html,561eef51,OldManBedroom,2025-01-22,17:17:38,-08:00,2025-01-22T17:17:38-08:00,0,9
projects/index.html,14,html,87589bf5,OldManBedroom,2025-01-10,21:51:21,-08:00,2025-01-10T21:51:21-08:00,0,31
projects/index.html,15,html,87589bf5,OldManBedroom,2025-01-10,21:51:21,-08:00,2025-01-10T21:51:21-08:00,0,32
projects/index.html,16,html,87589bf5,OldManBedroom,2025-01-10,21:51:21,-08:00,2025-01-10T21:51:21-08:00,0,42
projects/index.html,17,html,87589bf5,OldManBedroom,2025-01-10,21:51:21,-08:00,2025-01-10T21:51:21-08:00,0,76
projects/index.html,18,html,87589bf5,OldManBedroom,2025-01-10,21:51:21,-08:00,2025-01-10T21:51:21-08:00,0,40
projects/index.html,19,html,561eef51,OldManBedroom,2025-01-22,17:17:38,-08:00,2025-01-22T17:17:38-08:00,0,9
projects/index.html,20,html,5a103087,OldManBedroom,2025-01-16,01:41:35,-08:00,2025-01-16T01:41:35-08:00,0,3
projects/index.html,21,html,d3c5d392,OldManBedroom,2025-02-08,14:41:28,-08:00,2025-02-08T14:41:28-08:00,0,10
projects/index.html,22,html,5a103087,OldManBedroom,2025-01-16,01:41:35,-08:00,2025-01-16T01:41:35-08:00,0,4
projects/index.html,23,html,d3c5d392,OldManBedroom,2025-02-08,14:41:28,-08:00,2025-02-08T14:41:28-08:00,0,24
projects/index.html,24,html,d3c5d392,OldManBedroom,2025-02-08,14:41:28,-08:00,2025-02-08T14:41:28-08:00,0,49
projects/index.html,25,html,d3c5d392,OldManBedroom,2025-02-08,14:41:28,-08:00,2025-02-08T14:41:28-08:00,0,0
projects/index.html,26,html,d3c5d392,OldManBedroom,2025-02-08,14:41:28,-08:00,2025-02-08T14:41:28-08:00,0,5
projects/index.html,27,html,d3c5d392,OldManBedroom,2025-02-08,14:41:28,-08:00,2025-02-08T14:41:28-08:00,0,23
projects/index.html,28,html,d3c5d392,OldManBedroom,2025-02-08,14:41:28,-08:00,2025-02-08T14:41:28-08:00,0,5
projects/index.html,29,html,d3c5d392,OldManBedroom,2025-02-08,14:41:28,-08:00,2025-02-08T14:41:28-08:00,0,103
projects/index.html,30,html,d3c5d392,OldManBedroom,2025-02-08,14:41:28,-08:00,2025-02-08T14:41:28-08:00,0,0
projects/index.html,31,html,5a103087,OldManBedroom,2025-01-16,01:41:35,-08:00,2025-01-16T01:41:35-08:00,0,21
projects/index.html,32,html,d3c5d392,OldManBedroom,2025-02-08,14:41:28,-08:00,2025-02-08T14:41:28-08:00,0,0
projects/index.html,33,html,5a103087,OldManBedroom,2025-01-16,01:41:35,-08:00,2025-01-16T01:41:35-08:00,0,5
projects/index.html,34,html,87589bf5,OldManBedroom,2025-01-10,21:51:21,-08:00,2025-01-10T21:51:21-08:00,0,6
projects/index.html,35,html,87589bf5,OldManBedroom,2025-01-10,21:51:21,-08:00,2025-01-10T21:51:21-08:00,0,6
meta/index.html,1,html,a013e754,OldManBedroom,2025-02-13,11:33:54,-08:00,2025-02-13T11:33:54-08:00,0,14
meta/index.html,2,html,a013e754,OldManBedroom,2025-02-13,11:33:54,-08:00,2025-02-13T11:33:54-08:00,0,15
meta/index.html,3,html,a013e754,OldManBedroom,2025-02-13,11:33:54,-08:00,2025-02-13T11:33:54-08:00,0,5
meta/index.html,4,html,a013e754,OldManBedroom,2025-02-13,11:33:54,-08:00,2025-02-13T11:33:54-08:00,0,21
meta/index.html,5,html,a013e754,OldManBedroom,2025-02-13,11:33:54,-08:00,2025-02-13T11:33:54-08:00,0,69
meta/index.html,6,html,a013e754,OldManBedroom,2025-02-13,11:33:54,-08:00,2025-02-13T11:33:54-08:00,0,18
meta/index.html,7,html,a013e754,OldManBedroom,2025-02-13,11:33:54,-08:00,2025-02-13T11:33:54-08:00,0,42
meta/index.html,8,html,a013e754,OldManBedroom,2025-02-13,11:33:54,-08:00,2025-02-13T11:33:54-08:00,0,49
meta/index.html,9,html,a013e754,OldManBedroom,2025-02-13,11:33:54,-08:00,2025-02-13T11:33:54-08:00,0,6
meta/index.html,10,html,a013e754,OldManBedroom,2025-02-13,11:33:54,-08:00,2025-02-13T11:33:54-08:00,0,5
meta/index.html,11,html,a013e754,OldManBedroom,2025-02-13,11:33:54,-08:00,2025-02-13T11:33:54-08:00,0,9
meta/index.html,12,html,a013e754,OldManBedroom,2025-02-13,11:33:54,-08:00,2025-02-13T11:33:54-08:00,0,31
meta/index.html,13,html,a013e754,OldManBedroom,2025-02-13,11:33:54,-08:00,2025-02-13T11:33:54-08:00,0,44
meta/index.html,14,html,a013e754,OldManBedroom,2025-02-13,11:33:54,-08:00,2025-02-13T11:33:54-08:00,0,42
meta/index.html,15,html,a013e754,OldManBedroom,2025-02-13,11:33:54,-08:00,2025-02-13T11:33:54-08:00,0,76
meta/index.html,16,html,a013e754,OldManBedroom,2025-02-13,11:33:54,-08:00,2025-02-13T11:33:54-08:00,0,30
meta/index.html,17,html,a013e754,OldManBedroom,2025-02-13,11:33:54,-08:00,2025-02-13T11:33:54-08:00,0,9
meta/index.html,18,html,a013e754,OldManBedroom,2025-02-13,11:33:54,-08:00,2025-02-13T11:33:54-08:00,0,7
meta/index.html,19,html,a013e754,OldManBedroom,2025-02-13,11:33:54,-08:00,2025-02-13T11:33:54-08:00,0,12
meta/index.html,20,html,a013e754,OldManBedroom,2025-02-13,11:33:54,-08:00,2025-02-13T11:33:54-08:00,0,61
meta/index.html,21,html,a013e754,OldManBedroom,2025-02-13,11:33:54,-08:00,2025-02-13T11:33:54-08:00,0,8
meta/index.html,22,html,a013e754,OldManBedroom,2025-02-13,11:33:54,-08:00,2025-02-13T11:33:54-08:00,0,0
meta/index.html,23,html,a013e754,OldManBedroom,2025-02-13,11:33:54,-08:00,2025-02-13T11:33:54-08:00,0,0
meta/index.html,24,html,a013e754,OldManBedroom,2025-02-13,11:33:54,-08:00,2025-02-13T11:33:54-08:00,0,0
meta/index.html,25,html,a013e754,OldManBedroom,2025-02-13,11:33:54,-08:00,2025-02-13T11:33:54-08:00,0,6
meta/index.html,26,html,a013e754,OldManBedroom,2025-02-13,11:33:54,-08:00,2025-02-13T11:33:54-08:00,0,6
contact/index.html,1,html,87589bf5,OldManBedroom,2025-01-10,21:51:21,-08:00,2025-01-10T21:51:21-08:00,0,14
contact/index.html,2,html,87589bf5,OldManBedroom,2025-01-10,21:51:21,-08:00,2025-01-10T21:51:21-08:00,0,15
contact/index.html,3,html,87589bf5,OldManBedroom,2025-01-10,21:51:21,-08:00,2025-01-10T21:51:21-08:00,0,5
contact/index.html,4,html,87589bf5,OldManBedroom,2025-01-10,21:51:21,-08:00,2025-01-10T21:51:21-08:00,0,21
contact/index.html,5,html,87589bf5,OldManBedroom,2025-01-10,21:51:21,-08:00,2025-01-10T21:51:21-08:00,0,69
contact/index.html,6,html,87589bf5,OldManBedroom,2025-01-10,21:51:21,-08:00,2025-01-10T21:51:21-08:00,0,21
contact/index.html,7,html,5a103087,OldManBedroom,2025-01-16,01:41:35,-08:00,2025-01-16T01:41:35-08:00,0,42
contact/index.html,8,html,561eef51,OldManBedroom,2025-01-22,17:17:38,-08:00,2025-01-22T17:17:38-08:00,0,49
contact/index.html,9,html,87589bf5,OldManBedroom,2025-01-10,21:51:21,-08:00,2025-01-10T21:51:21-08:00,0,6
contact/index.html,10,html,87589bf5,OldManBedroom,2025-01-10,21:51:21,-08:00,2025-01-10T21:51:21-08:00,0,0
contact/index.html,11,html,87589bf5,OldManBedroom,2025-01-10,21:51:21,-08:00,2025-01-10T21:51:21-08:00,0,5
contact/index.html,12,html,561eef51,OldManBedroom,2025-01-22,17:17:38,-08:00,2025-01-22T17:17:38-08:00,0,9
contact/index.html,13,html,87589bf5,OldManBedroom,2025-01-10,21:51:21,-08:00,2025-01-10T21:51:21-08:00,0,31
contact/index.html,14,html,87589bf5,OldManBedroom,2025-01-10,21:51:21,-08:00,2025-01-10T21:51:21-08:00,0,44
contact/index.html,15,html,87589bf5,OldManBedroom,2025-01-10,21:51:21,-08:00,2025-01-10T21:51:21-08:00,0,31
contact/index.html,16,html,87589bf5,OldManBedroom,2025-01-10,21:51:21,-08:00,2025-01-10T21:51:21-08:00,0,76
contact/index.html,17,html,87589bf5,OldManBedroom,2025-01-10,21:51:21,-08:00,2025-01-10T21:51:21-08:00,0,40
contact/index.html,18,html,561eef51,OldManBedroom,2025-01-22,17:17:38,-08:00,2025-01-22T17:17:38-08:00,0,9
contact/index.html,19,html,5a103087,OldManBedroom,2025-01-16,01:41:35,-08:00,2025-01-16T01:41:35-08:00,0,3
contact/index.html,20,html,5a103087,OldManBedroom,2025-01-16,01:41:35,-08:00,2025-01-16T01:41:35-08:00,0,6
contact/index.html,21,html,5a103087,OldManBedroom,2025-01-16,01:41:35,-08:00,2025-01-16T01:41:35-08:00,0,4
contact/index.html,22,html,87589bf5,OldManBedroom,2025-01-10,21:51:21,-08:00,2025-01-10T21:51:21-08:00,0,79
contact/index.html,23,html,87589bf5,OldManBedroom,2025-01-10,21:51:21,-08:00,2025-01-10T21:51:21-08:00,0,32
contact/index.html,24,html,87589bf5,OldManBedroom,2025-01-10,21:51:21,-08:00,2025-01-10T21:51:21-08:00,0,60
contact/index.html,25,html,87589bf5,OldManBedroom,2025-01-10,21:51:21,-08:00,2025-01-10T21:51:21-08:00,0,0
contact/index.html,26,html,87589bf5,OldManBedroom,2025-01-10,21:51:21,-08:00,2025-01-10T21:51:21-08:00,0,36
contact/index.html,27,html,87589bf5,OldManBedroom,2025-01-10,21:51:21,-08:00,2025-01-10T21:51:21-08:00,0,63
contact/index.html,28,html,87589bf5,OldManBedroom,2025-01-10,21:51:21,-08:00,2025-01-10T21:51:21-08:00,0,0
contact/index.html,29,html,5a103087,OldManBedroom,2025-01-16,01:41:35,-08:00,2025-01-16T01:41:35-08:00,0,30
contact/index.html,30,html,87589bf5,OldManBedroom,2025-01-10,21:51:21,-08:00,2025-01-10T21:51:21-08:00,0,59
contact/index.html,31,html,87589bf5,OldManBedroom,2025-01-10,21:51:21,-08:00,2025-01-10T21:51:21-08:00,0,0
contact/index.html,32,html,87589bf5,OldManBedroom,2025-01-10,21:51:21,-08:00,2025-01-10T21:51:21-08:00,0,22
contact/index.html,33,html,87589bf5,OldManBedroom,2025-01-10,21:51:21,-08:00,2025-01-10T21:51:21-08:00,0,6
contact/index.html,34,html,87589bf5,OldManBedroom,2025-01-10,21:51:21,-08:00,2025-01-10T21:51:21-08:00,0,6
contact/index.html,35,html,87589bf5,OldManBedroom,2025-01-10,21:51:21,-08:00,2025-01-10T21:51:21-08:00,0,6
